yagchri,2017-10-04 23:54,women and children taking up arms for isis in marawi philippine army says,,en,0.162202,0.038769,0.239934,0.139513,0.488967,"['disgust', 0.488967]"
max_f_diana,2017-10-04 23:38,safe spaces offer relief as fighting in marawi rages on,,en,0.307553,0.058734,0.007481,0.016729,0.00802,"['anger', 0.307553]"
sphasiaone,2017-10-04 23:30,us troops inspect is dead in marawi,"(['Singapore'], Location((1.2904753, 103.8520359, 0.0)))",en,0.163501,0.036943,0.499381,0.171951,0.202215,"['sadness', 0.499381]"
sunstarcebu,2017-10-04 23:27,dnd sec delfin lorenzana announced that 17 more hostages were rescued from the maute group in marawi city,"(['Cebu', ' Philippines'], Location((10.45, 123.84, 0.0)))",en,0.171284,0.182956,0.24351,0.424049,0.145553,"['fear', 0.424049]"
philmonitor,2017-10-04 23:25,volunteers help clean marawi  via,"(['Republic of the Philippines'], Location((12.7503486, 122.7312101, 0.0)))",en,0.029795,0.536892,0.055203,0.04575,0.067376,"['joy', 0.536892]"
Jasminechic00,2017-10-04 23:14,women and children taking up arms for isis in marawi philippine army says,,en,0.162202,0.038769,0.239934,0.139513,0.488967,"['disgust', 0.488967]"
irmahinojosa_,2017-10-04 23:03,women  children taking up arms for isis in marawi philippine army says  isis developed a foothold in the philippines 100k transfer there by paddock marilou danley has used two social securities  married to two men at the same time lasvegasshooting,,en,0.18001,0.122815,0.177325,0.195092,0.417174,"['disgust', 0.417174]"
DuterteWatchdog,2017-10-04 23:00,seriously last weeks looked like accelerating decomposition of the mobster gov they get shit from all sides and marawi is also unfinished,"(['Republic of the Philippines'], Location((12.7503486, 122.7312101, 0.0)))",en,0.459561,0.011043,0.280716,0.123307,0.50582,"['disgust', 0.50582]"
CODE_NGO,2017-10-04 22:46,mincode shall facilitate listening sessions and consultations in marawi communities to bring out affected,"(['Philippines'], Location((12.7503486, 122.7312101, 0.0)))",en,0.116524,0.221838,0.319607,0.069056,0.024386,"['sadness', 0.319607]"
LiveEdges,2017-10-04 22:46,people rescued 17 marawi hostages rescued by military defense secretary delfin lorenzana on wednesday confirmed ,"(['United States of America'], Location((39.7837304, -100.4458825, 0.0)))",en,0.009013,0.084709,0.428059,0.452629,0.1733,"['fear', 0.452629]"
globnewsen,2017-10-04 22:44,nha poised to construct temporary and permanent shelters for marawi evacuees,,en,0.122841,0.182667,0.283207,0.214739,0.088337,"['sadness', 0.283207]"
gregy30cruz1,2017-10-04 22:41,retweeted manila bulletin news  manilabulletin 17 marawi hostages rescued by military  read d,"(['Iloilo City', ' Western Visayas'], Location((10.7026718, 122.5686136, 0.0)))",en,0.033606,0.10485,0.300489,0.524564,0.237607,"['fear', 0.524564]"
inquirerdotnet,2017-10-04 22:40,in marawi temporary homes for evacuees take form of huts,"(['Makati City'], Location((14.5591272, 121.0202094, 0.0)))",en,0.07775,0.18813,0.185302,0.086645,0.06151,"['joy', 0.18813]"
PHINewsNet1,2017-10-04 22:35,17 hostages rescued from maute in marawi  lorenzana  fmangosinginqhttp,"(['Manila City', ' National Capital Region'], Location((14.5906216, 120.9799696, 0.0)))",en,0.05908,0.087912,0.220795,0.573518,0.132238,"['fear', 0.573518]"
MMPM_News,2017-10-04 22:31,we have to provide jobs and means of livelihood to the evacuees once they already returned to marawi city tesda,,en,0.05979,0.198962,0.190717,0.03267,0.037439,"['joy', 0.198962]"
AltheDentist,2017-10-04 22:25,not marseille damn auto correct marawi,,en,0.03878,0.164468,0.155151,0.059004,0.005774,"['joy', 0.164468]"
moncorpuz,2017-10-04 22:17,downloading pictures from marawi no not pictures of ruins but of lovely kids under the watch of amazing women of teamafp  sinagtalaph,"(['Makati City', ' Philippines'], Location((14.5591272, 121.0202094, 0.0)))",en,0.036192,0.839,0.073389,0.025708,0.057847,"['joy', 0.839]"
PHINewsNet1,2017-10-04 22:15,marawi general rolando bautista is the next army chief afp chief gen ao confirms to rappler  via carmelafonbuena onlyinthephilippines,"(['Manila City', ' National Capital Region'], Location((14.5906216, 120.9799696, 0.0)))",en,0.125064,0.05029,0.21039,0.361297,0.16824,"['fear', 0.361297]"
trixxiamarie,2017-10-04 22:14,torn between war on drugs and marawi war,"(['great unknown'], Location((-43.3328881, 170.5867749, 0.0)))",en,0.277363,0.005802,0.710185,0.190823,0.128361,"['sadness', 0.710185]"
Yaolri,2017-10-04 22:05,april vs august satellite images indeed show localised and targeted bombing of shanty town near amai pakpak medical centre marawi,,en,0.121497,0.032364,0.193058,0.386264,0.441011,"['disgust', 0.441011]"
moncorpuz,2017-10-04 22:03,penciltreks  sinagtalaph has 2400 pencils  400 notebooks ready goal is to augment needs of idp learners in marawi,"(['Makati City', ' Philippines'], Location((14.5591272, 121.0202094, 0.0)))",en,0.057142,0.415507,0.075831,0.063056,0.016211,"['joy', 0.415507]"
rapplerdotcom,2017-10-04 22:01,over a dozen marawi hostages rescued full story,"(['Philippines'], Location((12.7503486, 122.7312101, 0.0)))",en,0.050657,0.282483,0.229206,0.337806,0.183788,"['fear', 0.337806]"
ARNNewsCentre,2017-10-04 21:57,17 hostages rescued in marawi city from terrorists,"(['Dubai', ' UAE'], Location((2.9470179, 30.961206, 0.0)))",en,0.10853,0.02333,0.285646,0.677631,0.173829,"['fear', 0.677631]"
moncorpuz,2017-10-04 21:55,dear universe we need paper  notebooks for marawi  dm me or penciltreks please,"(['Makati City', ' Philippines'], Location((14.5591272, 121.0202094, 0.0)))",en,0.024231,0.104695,0.126729,0.305822,0.013396,"['fear', 0.305822]"
angel_w_sword,2017-10-04 21:51,fbi says there is no link to terrorism wonder what part philippines girlfriend visited maybe marawi mindanao ,,en,0.083129,0.028959,0.423207,0.319339,0.372613,"['sadness', 0.423207]"
T_Klumklomchit,2017-10-04 21:41,military operation commander for marawi to take up philippine army chief position tomorrow rapplerdotcomhttp,,en,0.170495,0.030279,0.123002,0.474802,0.175613,"['fear', 0.474802]"
rapplerdotcom,2017-10-04 21:30,a marawi general close to presidentduterte is the next army chief he assumes the post tomorrow,"(['Philippines'], Location((12.7503486, 122.7312101, 0.0)))",en,0.199857,0.049821,0.481004,0.472861,0.070634,"['sadness', 0.481004]"
manilabulletin,2017-10-04 21:30,17 marawi hostages rescued by military  read befullyinformed,"(['Manila', ' Philippines'], Location((14.5906216, 120.9799696, 0.0)))",en,0.028916,0.105144,0.21081,0.607497,0.225365,"['fear', 0.607497]"
A2Globalrisk,2017-10-04 21:30,institutional failings led to a protracted battle for marawi philippineshttp,,en,0.22146,0.046602,0.393759,0.284611,0.027321,"['sadness', 0.393759]"
zen_philosopher,2017-10-04 21:25,mayhem in marawi,,en,0.08686,0.174219,0.151545,0.093654,0.072945,"['joy', 0.174219]"
bbgirlhamid,2017-10-04 21:15,seeing the updated pictures from marawi is so,"(['far far away'], Location((1.254964, 103.8236226, 0.0)))",en,0.03758,0.225114,0.128622,0.090579,0.136738,"['joy', 0.225114]"
CollinSLKoh,2017-10-04 21:03,more firearms and ammo on the way to aid marawi fight courtesy of china,"(['Singapore'], Location((1.2904753, 103.8520359, 0.0)))",en,0.132592,0.214088,0.197159,0.213758,0.295342,"['disgust', 0.295342]"
iamsimmon_,2017-10-04 20:55,marawi song,,en,0.016758,0.773637,0.169248,0.02556,0.012954,"['joy', 0.773637]"
kxrge,2017-10-04 20:48,marawi watched a really nice stage play with these peeps earlier hands down to them,"(['alit\xe2\x80\x99s'], Location((-8.672468, 115.2625228, 0.0)))",en,0.007974,0.666028,0.045973,0.135721,0.210997,"['joy', 0.666028]"
DailyStarPH,2017-10-04 20:44,marawi general is new army chief  manila bulletin news ,"(['Republic of the Philippines'], Location((12.7503486, 122.7312101, 0.0)))",en,0.212709,0.139979,0.414282,0.286879,0.225584,"['sadness', 0.414282]"
aylinmariz,2017-10-04 20:40,havent watched marawi,,en,0.08686,0.174219,0.151545,0.093654,0.072945,"['joy', 0.174219]"
ModernizePH,2017-10-04 20:39,17 hostages rescued from terrorists in marawi,"(['Republic of the Philippines'], Location((12.7503486, 122.7312101, 0.0)))",en,0.116243,0.019282,0.261056,0.705253,0.176233,"['fear', 0.705253]"
EdgeDavao,2017-10-04 20:38,dti provides stores for marawi bizmen 8,"(['Davao City', ' Philippines'], Location((7.22650725, 125.454887691, 0.0)))",en,0.038117,0.0546,0.03009,0.014287,0.010451,"['joy', 0.0546]"
BlackPearl_Inc,2017-10-04 20:30,17 hostages rescued from maute in marawi  lorenzana,,en,0.05908,0.087912,0.220795,0.573518,0.132238,"['fear', 0.573518]"
A2Globalrisk,2017-10-04 20:15,the fighting in marawi has revealed the philippine armed forces weakness in conducting urban warfare for more,,en,0.098959,0.027939,0.462734,0.502308,0.105782,"['fear', 0.502308]"
AnsonReginald,2017-10-04 20:12,bernadetteabs i think krisis in marawi might be over,,en,0.122442,0.125222,0.064865,0.453647,0.060382,"['fear', 0.453647]"
manilabulletin,2017-10-04 20:10,marawi general is new army chief  read befullyinformed,"(['Manila', ' Philippines'], Location((14.5906216, 120.9799696, 0.0)))",en,0.212789,0.245232,0.25169,0.29708,0.235802,"['fear', 0.29708]"
2016McCartney,2017-10-04 20:03,jjauthor we need to know home town in phils of lv shooters gf muslim mindanao isis marawi she rcvd 51m pesos,"(['El Paso', ' TX'], Location((31.8111305, -106.501349396, 0.0)))",en,0.176437,0.097922,0.30659,0.204747,0.495283,"['disgust', 0.495283]"
Chreeskye,2017-10-04 19:58,i liked a youtube video talk to the troops marawi city speech 1022017,"(['Davao City', ' Davao Region'], Location((7.22650725, 125.454887691, 0.0)))",en,0.152189,0.330011,0.212846,0.07346,0.135444,"['joy', 0.330011]"
StrategicNews1,2017-10-04 19:56,afp forces rescued 17 hostages including 5 teachers from dansalan college in the town of marawi philippines,,en,0.132124,0.071673,0.286441,0.57309,0.209382,"['fear', 0.57309]"
PHHotTrends,2017-10-04 19:56,troops rescue 17 hostages from maute in marawi,"(['Manila City'], Location((14.5906216, 120.9799696, 0.0)))",en,0.065751,0.107833,0.22433,0.472878,0.12656,"['fear', 0.472878]"
2016McCartney,2017-10-04 19:53,seanhannity michellemalkin las vegas shooter sent 100k to girlfriend in phils thats 51 m pesos is she from muslim mindanao marawi,"(['El Paso', ' TX'], Location((31.8111305, -106.501349396, 0.0)))",en,0.228835,0.141373,0.199871,0.09538,0.408393,"['disgust', 0.408393]"
tteokbokki21,2017-10-04 19:46,in the midst of irresponsible bloggerscorrupt politicians marawiand a massive shoot out theres my korean jagiya mkjitscomplicated,"(['Philippines'], Location((12.7503486, 122.7312101, 0.0)))",en,0.62931,0.00709,0.171148,0.075236,0.425123,"['anger', 0.62931]"
davidcambay,2017-10-04 19:42,17 marawi hostages were rescued aldubmuchstronger arhpakikiramay,"(['San Pedro', ' Calabarzon'], Location((-24.1602794, -56.713749623, 0.0)))",en,0.05908,0.087912,0.220795,0.573518,0.132238,"['fear', 0.573518]"
EmjieKing,2017-10-04 19:34,marawi supermaampaghaharap,,en,0.08686,0.174219,0.151545,0.093654,0.072945,"['joy', 0.174219]"
usembassymanila,2017-10-04 19:30,us embassy club hosts charity event for the benefit of children impacted by marawi conflict 8,"(['Manila', ' Philippines'], Location((14.5906216, 120.9799696, 0.0)))",en,0.023566,0.531433,0.113696,0.004707,0.296155,"['joy', 0.531433]"
catfatbmansplat,2017-10-04 19:19,ha only 140 characters battle for marawi is effectively over keiths nuances are oft founded on what he read in 1995,"(['Perth', ' Western Australia'], Location((-31.9527121, 115.8604796, 0.0)))",en,0.089249,0.471537,0.140559,0.115423,0.039892,"['joy', 0.471537]"
csdavidmnl,2017-10-04 19:17,simply put un with what who is doing in marawi thank you salamat,,en,0.201478,0.445626,0.108373,0.016316,0.298599,"['joy', 0.445626]"
JackBoardCNA,2017-10-04 19:11,17 hostages rescued today in marawi still an estimated 29 people left as army makes final push for victory,"(['Cambodia'], Location((13.5066394, 104.869423, 0.0)))",en,0.090261,0.092721,0.602564,0.221144,0.268415,"['sadness', 0.602564]"
PhilDefNews,2017-10-04 19:05,17 hostages rescued in marawi,"(['Manila', ' Philippines'], Location((14.5906216, 120.9799696, 0.0)))",en,0.05908,0.087912,0.220795,0.573518,0.132238,"['fear', 0.573518]"
12345689years,2017-10-04 18:59,i understand your loss too keep fighting and asking for justice from marawi to las vegas,,en,0.193965,0.019883,0.802259,0.116963,0.082868,"['sadness', 0.802259]"
RTVMalacanang,2017-10-04 18:55,talk to the troops marawi city speech 1022017 via youtube,"(['Manila', ' Philippines'], Location((14.5906216, 120.9799696, 0.0)))",en,0.076865,0.262423,0.298131,0.186773,0.177463,"['sadness', 0.298131]"
philmonitor,2017-10-04 18:34,17 marawi hostages rescued  via philmonitor,"(['Republic of the Philippines'], Location((12.7503486, 122.7312101, 0.0)))",en,0.026397,0.111242,0.228833,0.609982,0.183225,"['fear', 0.609982]"
IncidentsPolice,2017-10-04 18:31,philippines president calls on separatists maoists militant groups to fight isis in marawi,"(['Little Rock', ' AR'], Location((34.7464809, -92.2895948, 0.0)))",en,0.350498,0.064517,0.228921,0.132197,0.414146,"['disgust', 0.414146]"
yumilkadlfnte,2017-10-04 18:31,the war in marawi has orphaned a lot of kids and widowed a lot of wives,,en,0.096485,0.203938,0.550502,0.140839,0.116721,"['sadness', 0.550502]"
CoconutsManila,2017-10-04 18:26,ph military rescues at least 17 hostages in marawi,"(['Metro Manila', ' Philippines'], Location((14.5736108, 121.0329706, 0.0)))",en,0.03512,0.026461,0.182579,0.587496,0.145197,"['fear', 0.587496]"
out_of_blu,2017-10-04 18:25,philippines really had a load of problems marawi crisis fake news ejk  i dont know what to think right now it adds to stress really,,en,0.207233,0.011472,0.61438,0.406502,0.100654,"['sadness', 0.61438]"
ZachAbuza,2017-10-04 18:22,mayhem in marawi is the philippines up to the task my take,,en,0.19109,0.11392,0.09515,0.185008,0.084626,"['anger', 0.19109]"
manilainformer,2017-10-04 18:15,17 marawi hostages rescued bymilitary,"(['Manila'], Location((14.5906216, 120.9799696, 0.0)))",en,0.05908,0.087912,0.220795,0.573518,0.132238,"['fear', 0.573518]"
PHINewsNet2,2017-10-04 18:15,the isislinked maute group are using mosques in marawi city as bomb factories a military official said,"(['Republic of the Philippines'], Location((12.7503486, 122.7312101, 0.0)))",en,0.156043,0.22637,0.320466,0.27233,0.225922,"['sadness', 0.320466]"
Visayanbizpost,2017-10-04 18:12,marawi general is next army chief  rappler,"(['Ormoc', ' Philippines'], Location((11.0094099, 124.6075767, 0.0)))",en,0.333237,0.046407,0.284583,0.335849,0.262205,"['fear', 0.335849]"
rambotalabong,2017-10-04 18:11,over a dozen marawi hostages rescued via rapplerdotcomhttps,"(['Maynila', ' Pilipinas'], Location((14.5906216, 120.9799696, 0.0)))",en,0.033757,0.130605,0.235868,0.547467,0.154859,"['fear', 0.547467]"
cathnewslive,2017-10-04 18:10,1st mass at philippine cathedral since may attack vatican radio  the mass in marawis cathedral took place,"(['USA'], Location((39.7837304, -100.4458825, 0.0)))",en,0.192043,0.089467,0.104623,0.409981,0.069586,"['fear', 0.409981]"
PHINewsNet2,2017-10-04 18:03,breakingnewsnowdevelopinggovt troops rescue 17 hostages 9 male and 8 female in marawidefense sec lorenzana  via amitalegaspi,"(['Republic of the Philippines'], Location((12.7503486, 122.7312101, 0.0)))",en,0.067327,0.057788,0.336125,0.376228,0.422148,"['disgust', 0.422148]"
MBFTWakefield,2017-10-04 18:01,manilabulletin army spokesman lt col rey tiongson says joint task force marawi commander maj gen rolando bautista is 59th army chief,"(['Manila'], Location((14.5906216, 120.9799696, 0.0)))",en,0.3891,0.022355,0.308575,0.376615,0.187455,"['anger', 0.3891]"
MBFTWakefield,2017-10-04 18:00,manilabulletin afp joint task force marawi commander major general rolando joselito d bautista named as new army chief,"(['Manila'], Location((14.5906216, 120.9799696, 0.0)))",en,0.374721,0.033437,0.191848,0.485163,0.131233,"['fear', 0.485163]"
itsXIUkayitsluv,2017-10-04 17:58,physically mentally emotionally and spritiually draining huhu especially with the marawi seige happening and still happening btw,"(['PH'], Location((12.44249325, 122.160395164, 0.0)))",en,0.088622,0.032732,0.747482,0.222467,0.151352,"['sadness', 0.747482]"
JackBoardCNA,2017-10-04 17:57,marawis centre is a shattered mess we captured these shots from a long distance as deadly fighting continues into a fifth month down there d,"(['Cambodia'], Location((13.5066394, 104.869423, 0.0)))",en,0.206366,0.09649,0.588901,0.19698,0.091055,"['sadness', 0.588901]"
MBFTWakefield,2017-10-04 17:57,manilabulletin defense secretary delfin lorenzana says 17 people held as hostages by maute rescued in marawi,"(['Manila'], Location((14.5906216, 120.9799696, 0.0)))",en,0.100491,0.033047,0.505628,0.299657,0.33235,"['sadness', 0.505628]"
dzrhlaoag,2017-10-04 17:47,doe begins power rehabilitation in marawi,,en,0.09989,0.36715,0.120066,0.123935,0.037661,"['joy', 0.36715]"
eurasiamap,2017-10-04 17:40,17 hostages rescued from maute in marawi  lorenzana via,,en,0.026397,0.111242,0.228833,0.609982,0.183225,"['fear', 0.609982]"
maxangelo987,2017-10-04 17:36,general in charge of marawi ops is new army chief c gmanews,,en,0.36502,0.100155,0.309103,0.204612,0.245351,"['anger', 0.36502]"
SmartNewsroom,2017-10-04 17:35,marawi kids enter a new world in smart storytelling session,"(['Philippines'], Location((12.7503486, 122.7312101, 0.0)))",en,0.029928,0.683131,0.090596,0.060744,0.014483,"['joy', 0.683131]"
AlbertEbask,2017-10-04 17:22,sure battle of marawi is still on the run with us involved,,en,0.188258,0.12487,0.456428,0.213302,0.025415,"['sadness', 0.456428]"
marksaludes,2017-10-04 17:21,jes aznar on rj nietos statement nietos use on the issue of the marawi battle footage i shot during the first,"(['Manila', ' Philippines'], Location((14.5906216, 120.9799696, 0.0)))",en,0.280557,0.071462,0.458733,0.054447,0.092661,"['sadness', 0.458733]"
yurisogorgasf,2017-10-04 17:17,so rain will have a benefit concert here in manila for the childrens in marawi omg who said that kpop is not a,,en,0.061154,0.347963,0.243727,0.355435,0.061628,"['fear', 0.355435]"
PHINewsNet1,2017-10-04 17:13,17 hostages were rescued by troops in marawi via manilabulletin,"(['Manila City', ' National Capital Region'], Location((14.5906216, 120.9799696, 0.0)))",en,0.034153,0.128132,0.235561,0.547834,0.167817,"['fear', 0.547834]"
rongagalac,2017-10-04 17:11,us embassy  usaid delivered its 1st batch of arm chairs to schools where displaced marawi students are enrolled us embassy c,,en,0.115801,0.15823,0.255852,0.127137,0.14643,"['sadness', 0.255852]"
deanjorgebocobo,2017-10-04 17:10,marawi is dutertes waterloo martial law or none he is unable to handle this,"(['Philippines'], Location((12.7503486, 122.7312101, 0.0)))",en,0.242234,0.012214,0.685123,0.13032,0.076527,"['sadness', 0.685123]"
PHINewsNet1,2017-10-04 17:06,breakingnewsat least 17 hostages in marawi were rescued by the military around 20 more left in the hands of terrorists  via rongagalac,"(['Manila City', ' National Capital Region'], Location((14.5906216, 120.9799696, 0.0)))",en,0.064591,0.016076,0.340797,0.64334,0.270149,"['fear', 0.64334]"
gmanews,2017-10-04 17:06,general in charge of marawi ops is new army chief c,"(['Philippines'], Location((12.7503486, 122.7312101, 0.0)))",en,0.36502,0.100155,0.309103,0.204612,0.245351,"['anger', 0.36502]"
maichardart,2017-10-04 17:05,if you guys know any marawi relief funds pls reply under this thread aldubmuchstrongerhttps,,en,0.187953,0.120656,0.105407,0.058036,0.096806,"['anger', 0.187953]"
IAGorgph,2017-10-04 17:03,maranaos to sue philippine government for marawi destruction philstarnewshttps,"(['Cotabato City'], Location((7.1970344, 124.2351714, 0.0)))",en,0.620131,0.00477,0.232771,0.22135,0.115906,"['anger', 0.620131]"
sycipft,2017-10-04 17:03,general in charge of marawi ops is new army chief via gmanews,,en,0.241432,0.127062,0.329694,0.27325,0.304174,"['sadness', 0.329694]"
ANCALERTS,2017-10-04 17:03,improvised explosive devices ied found by military in an abandoned house in brgy matampay marawi city  via,"(['Philippines'], Location((12.7503486, 122.7312101, 0.0)))",en,0.154952,0.061585,0.19204,0.608468,0.162693,"['fear', 0.608468]"
DarwinAwardsPH,2017-10-04 17:02,this explains the marawi loyalty check tour,,en,0.227444,0.290204,0.22049,0.116877,0.079406,"['joy', 0.290204]"
Adipraze,2017-10-04 17:02,marawi general is next army chief uu,"(['Jakarta Capital Region'], Location((-6.1753942, 106.827183, 0.0)))",en,0.333237,0.046407,0.284583,0.335849,0.262205,"['fear', 0.335849]"
rongagalac,2017-10-04 17:01,improvised explosive devices ied found by military in an abandoned house in brgy matampay marawi city,,en,0.231169,0.047971,0.176466,0.583056,0.128931,"['fear', 0.583056]"
carmelafonbuena,2017-10-04 17:00,marawi general close to duterte is next army chief via rapplerdotcomhttps,"(['Manila', ' Philippines'], Location((14.5906216, 120.9799696, 0.0)))",en,0.179509,0.047197,0.410729,0.422421,0.278341,"['fear', 0.422421]"
reliefweb,2017-10-04 17:00,philippines who deploys mobile health teams to communities displaced by the marawi conflict whophilippines,"(['Bangkok', ' Nairobi', ' New York'], Location((-7.846423, 112.1005469, 0.0)))",en,0.067702,0.342124,0.210431,0.019743,0.027975,"['joy', 0.342124]"
LOCALNEWSNgayon,2017-10-04 16:57,general in charge of marawi ops is new army chief  read via gma news,"(['Philippines'], Location((12.7503486, 122.7312101, 0.0)))",en,0.151375,0.124371,0.364333,0.296343,0.379622,"['disgust', 0.379622]"
polobey71,2017-10-04 16:57,president duterte inaugurates housing project in sixth marawi visit ,"(['Jeddah'], Location((21.5822247, 39.1640396, 0.0)))",en,0.085827,0.434992,0.04372,0.0526,0.124307,"['joy', 0.434992]"
maracepeda,2017-10-04 16:52,marawi general is next army chief,"(['Manila', ' Philippines'], Location((14.5906216, 120.9799696, 0.0)))",en,0.333237,0.046407,0.284583,0.335849,0.262205,"['fear', 0.335849]"
jeegeronimo,2017-10-04 16:51,marawi general is next army chief by carmelafonbuena via rapplerdotcom,"(['Quezon City'], Location((14.6509905, 121.0486155, 0.0)))",en,0.196818,0.061175,0.307774,0.425732,0.320739,"['fear', 0.425732]"
jdesignz,2017-10-04 16:47,general in charge of marawi ops is new army chief,,en,0.36502,0.100155,0.309103,0.204612,0.245351,"['anger', 0.36502]"
SutlejRCP,2017-10-04 16:44,philippines islamic group vows to help catholics with marawis rebuilding  world watch monitor u0c,"(['Punjab', ' Pakistan'], Location((30.9293211, 75.5004841, 0.0)))",en,0.044083,0.38047,0.09645,0.164697,0.063405,"['joy', 0.38047]"
terrorism_info,2017-10-04 16:44,marawi general is next armychief president rodrigoduterte overallcommanderofmilitaryoperations,,en,0.18876,0.282154,0.107607,0.073325,0.188675,"['joy', 0.282154]"
PinoyTambayanKo,2017-10-04 16:41,17 maute group hostages rescued in marawi lorenzana,"(['Bulacan'], Location((14.794871, 120.8777119, 0.0)))",en,0.072356,0.141134,0.207181,0.510897,0.143148,"['fear', 0.510897]"
carmelafonbuena,2017-10-04 16:37,who is he read  marawi general is next army chief via rapplerdotcomhttps,"(['Manila', ' Philippines'], Location((14.5906216, 120.9799696, 0.0)))",en,0.143424,0.093308,0.277446,0.429416,0.369432,"['fear', 0.429416]"
dksaga1,2017-10-04 16:37,in the philippines isis is fighting to control marawi he sent a lot of  here last month not an outrageous stretch here,"(['Israel'], Location((30.8760272, 35.0015196, 0.0)))",en,0.190073,0.116878,0.340267,0.301035,0.217907,"['sadness', 0.340267]"
AlRobins2015,2017-10-04 16:31,philippines hadhas huge isis infiltrationduterte tags isis as behind terror attacks in marawi  inquirer news,"(['Connecticut', ' USA'], Location((41.6500201, -72.7342163, 0.0)))",en,0.168173,0.001921,0.135526,0.765905,0.256233,"['fear', 0.765905]"
JackBoardCNA,2017-10-04 16:30,proisis messages scrawled on walls in abandoned marawi houses and discarded firearm unclear if theyre genuine or mischief,"(['Cambodia'], Location((13.5066394, 104.869423, 0.0)))",en,0.157359,0.101797,0.245821,0.536319,0.064371,"['fear', 0.536319]"
TUBAGBOHOLcom,2017-10-04 16:30,marawi fighting unnerves many potential bpo investors marawi fighting 1,"(['Singapore'], Location((1.2904753, 103.8520359, 0.0)))",en,0.04106,0.272735,0.211248,0.16845,0.115065,"['joy', 0.272735]"
carmelafonbuena,2017-10-04 16:26,read marawi general is next army chief via rapplerdotcom,"(['Manila', ' Philippines'], Location((14.5906216, 120.9799696, 0.0)))",en,0.143424,0.093308,0.277446,0.429416,0.369432,"['fear', 0.429416]"
rapplerdotcom,2017-10-04 16:24,just in marawi general rolando bautista is the next army chief afp chief gen ao confirms to rappler  via carmelafonbuena,"(['Philippines'], Location((12.7503486, 122.7312101, 0.0)))",en,0.125064,0.05029,0.21039,0.361297,0.16824,"['fear', 0.361297]"
carmelafonbuena,2017-10-04 16:23,marawi general rolando bautista is the next army chief afp chief gen ao confirms to rappler rapplerdotcom,"(['Manila', ' Philippines'], Location((14.5906216, 120.9799696, 0.0)))",en,0.178846,0.043924,0.180235,0.277587,0.124205,"['fear', 0.277587]"
PHINewsNet1,2017-10-04 16:15,defense sec lorenzana said 17 civilians held captive by the maute group in marawi have been rescued by govt troops,"(['Manila City', ' National Capital Region'], Location((14.5906216, 120.9799696, 0.0)))",en,0.110935,0.018286,0.725667,0.17038,0.178727,"['sadness', 0.725667]"
zerovandal,2017-10-04 16:14,we have the marawi crisis and people not having enough food in their stomachs and here they are focusing on blogs of a woman with big boobs,,en,0.010944,0.152837,0.283484,0.379334,0.43247,"['disgust', 0.43247]"
PHINewsNet1,2017-10-04 16:13,refugees from marawi city will be given priority for jobs in the planned reconstruction of warravaged city,"(['Manila City', ' National Capital Region'], Location((14.5906216, 120.9799696, 0.0)))",en,0.10759,0.16594,0.503555,0.06651,0.228905,"['sadness', 0.503555]"
ANCALERTS,2017-10-04 16:02,the armed forces of the philippines have rescued at least 17 hostages from the hands of the maute group in marawi 8,"(['Philippines'], Location((12.7503486, 122.7312101, 0.0)))",en,0.078755,0.032967,0.154506,0.723449,0.294116,"['fear', 0.723449]"
ANCALERTS,2017-10-04 15:53,on the phone rongagalac gives updates on the rescue of 17 hostages in marawi city,"(['Philippines'], Location((12.7503486, 122.7312101, 0.0)))",en,0.102693,0.100493,0.292456,0.330284,0.06877,"['fear', 0.330284]"
inquirer_libre,2017-10-04 15:44,17 hostages rescued from maute in marawi  lorenzana,"(['Philippines'], Location((12.7503486, 122.7312101, 0.0)))",en,0.05908,0.087912,0.220795,0.573518,0.132238,"['fear', 0.573518]"
dksaga1,2017-10-04 15:27,xhertx channel7 marawi connection at all remember isis fighting there just last month same time paddock sent 100k there,"(['Israel'], Location((30.8760272, 35.0015196, 0.0)))",en,0.193334,0.155568,0.499553,0.060716,0.133339,"['sadness', 0.499553]"
jango1224,2017-10-04 15:27,so how much bounty money was earned from the marawi war,,en,0.310948,0.088157,0.321686,0.175688,0.278514,"['sadness', 0.321686]"
JANMaglasang,2017-10-04 15:26,maranaos to sue philippine government for marawi destruction,,en,0.620131,0.00477,0.232771,0.22135,0.115906,"['anger', 0.620131]"
dksaga1,2017-10-04 15:25,why is discount isis in lv attack forgetting marawi fight in philippines so soon where paddock sent 100k just last month,"(['Israel'], Location((30.8760272, 35.0015196, 0.0)))",en,0.311826,0.016477,0.392939,0.29559,0.189839,"['sadness', 0.392939]"
PHLNewsOnline,2017-10-04 15:25,inquirer 17 hostages rescued from maute in marawi  lorenzana,"(['Philippines'], Location((12.7503486, 122.7312101, 0.0)))",en,0.05908,0.087912,0.220795,0.573518,0.132238,"['fear', 0.573518]"
TheWarOfNow,2017-10-04 15:24,marawi in philippines is totally over run by isis also he filmed himself during attack i believe this was beamed to outside contact,,en,0.241773,0.065439,0.104703,0.557177,0.255927,"['fear', 0.557177]"
SGLocalNews,2017-10-04 15:20,marawi city  us soldiers had joined philippine police forensics teams in checking some of the bodies of,,en,0.067408,0.342618,0.132793,0.446139,0.098291,"['fear', 0.446139]"
jeniaoe,2017-10-04 15:06,lol those terrorist in marawi are locals muslim brothers and sisters are evacuated from the war area are victims too wag kami,,en,0.227812,0.086165,0.398232,0.20077,0.425724,"['disgust', 0.425724]"
LilyT32,2017-10-04 15:04,philippines bringing mobile health services to communities displaced by the marawi conflict humanitarian newzealand,"(['New Zealand'], Location((-41.5000831, 172.8344077, 0.0)))",en,0.073016,0.345891,0.205344,0.019637,0.034684,"['joy', 0.345891]"
inquirerdotnet,2017-10-04 15:03,17 hostages rescued from maute in marawi  lorenzana  fmangosinginqhttp,"(['Makati City'], Location((14.5591272, 121.0202094, 0.0)))",en,0.05908,0.087912,0.220795,0.573518,0.132238,"['fear', 0.573518]"
laracredo1,2017-10-04 15:00,mmk 25 bangon marawi music video september 9 2017 teaser via youtube,,en,0.043105,0.395121,0.197265,0.096187,0.08997,"['joy', 0.395121]"
pebawards,2017-10-04 15:00,president duterte inaugurates housing project in sixth marawi visit  ptv news,"(['Global'], Location((43.7283874, -79.3491487932, 0.0)))",en,0.090672,0.409209,0.094616,0.081574,0.170767,"['joy', 0.409209]"
yumifaeldo,2017-10-04 14:52,didnt mochauson go to marawi as part of pcoo but shes posting the videos on her blog sengracepoe,"(['Manila', ' Philippines'], Location((14.5906216, 120.9799696, 0.0)))",en,0.043968,0.657789,0.152485,0.103939,0.052486,"['joy', 0.657789]"
pinoynewsonline,2017-10-04 14:46,marawi city update sept 30 reinforce ng maute bon more on,"(['Republic of the Philippines'], Location((12.7503486, 122.7312101, 0.0)))",en,0.070638,0.151209,0.165509,0.065415,0.04246,"['sadness', 0.165509]"
ONGazette,2017-10-04 14:38,our newest story marawi city news update september 30 2017 is being shared on online news gazette  0,"(['North Las Vegas Nevada'], Location((36.2008371, -115.1120958, 0.0)))",en,0.028909,0.465257,0.364385,0.077607,0.053754,"['joy', 0.465257]"
philmonitor,2017-10-04 14:34,tesda earmarks p60 million for marawi evacuees skills livelihood training  via philmonitor,"(['Republic of the Philippines'], Location((12.7503486, 122.7312101, 0.0)))",en,0.035094,0.257523,0.322842,0.115993,0.192606,"['sadness', 0.322842]"
3rdAnnePeralta,2017-10-04 14:29,afp pao chief edgard arevalo no details yet on the rescue of 17 hostages in marawi city cdd,,en,0.130887,0.063429,0.292035,0.587252,0.136854,"['fear', 0.587252]"
nerowattz,2017-10-04 14:22,17 hostages rescued from maute in marawi  lorenzana inquirermobilehttp,"(['Makati City'], Location((14.5591272, 121.0202094, 0.0)))",en,0.05908,0.087912,0.220795,0.573518,0.132238,"['fear', 0.573518]"
egdsgn,2017-10-04 14:11,duterte witnesses turnover of houses to marawievacuees,"(['Davao City', ' Davao Region'], Location((7.22650725, 125.454887691, 0.0)))",en,0.120535,0.135779,0.189667,0.405463,0.208857,"['fear', 0.405463]"
phildaily,2017-10-04 14:06,over a dozen marawi hostages rescued  rappler,,en,0.065414,0.111152,0.224508,0.471236,0.115159,"['fear', 0.471236]"
YvetteBWilliams,2017-10-04 14:03,my thoughts also wondering if his 100 transfer to philippines went to isis cell in marawi city need more answers lasvagasshooting,,en,0.133771,0.079809,0.438902,0.250445,0.094472,"['sadness', 0.438902]"
bamaquino,2017-10-04 13:57,sen bam also cite the marawi issue linking him with the maute says that what hurts most is that sec aguirre was the one who mentioned it,"(['Philippines'], Location((12.7503486, 122.7312101, 0.0)))",en,0.13852,0.014703,0.719222,0.261842,0.082295,"['sadness', 0.719222]"
rickrick888,2017-10-04 13:56,aquino mentions justice secretary aguirres allegations saying the senator is involved in the marawi crisis  live,,en,0.152905,0.070896,0.351419,0.351963,0.359351,"['disgust', 0.359351]"
maxangelo987,2017-10-04 13:56,defense sec lorenzana said 17 civilians held captive by the maute group in marawi have been rescued by govt troo,,en,0.109633,0.014765,0.741228,0.171074,0.183557,"['sadness', 0.741228]"
maxangelo987,2017-10-04 13:56,govt troops rescue 17 hostages 9 male and 8 female in marawidefense sec lorenzana  via amitalegaspi gmanews,,en,0.076118,0.021458,0.599895,0.253646,0.326969,"['sadness', 0.599895]"
ZamYusa,2017-10-04 13:55,hostages forced by isisaffiliated groups in marawi to make improvised explosive ordinances ieds marawiclash islamicstate daeshhttps,"(['Malaysia'], Location((2.3923759, 112.8471939, 0.0)))",en,0.527927,0.059092,0.174051,0.352472,0.150007,"['anger', 0.527927]"
rihamyu,2017-10-04 13:45,i miss the marawi weather,"(['PH'], Location((12.44249325, 122.160395164, 0.0)))",en,0.066984,0.011119,0.770328,0.347187,0.005511,"['sadness', 0.770328]"
asianewsnetwork,2017-10-04 13:44,us troops inspect is dead in marawi city,"(['Bangkok', ' Thailand'], Location((-7.846423, 112.1005469, 0.0)))",en,0.145403,0.043565,0.506881,0.157638,0.18605,"['sadness', 0.506881]"
flipland,2017-10-04 13:44,no  r mochauson photo of marawi soldiers  besides wrong photo it is also copyright infringement bullshitnomore fakenews,,en,0.151327,0.162684,0.444221,0.222471,0.252532,"['sadness', 0.444221]"
gmanewsfacebook,2017-10-04 13:42,defense secretary delfin lorenzana on wednesday said 17 civilians held captive by the maute group in marawi city,,en,0.073353,0.136983,0.551875,0.197426,0.11098,"['sadness', 0.551875]"
3rdAnnePeralta,2017-10-04 13:41,just in dnd secretary delfin lorenzana confirms 17 hostages rescued in marawi city 9 males and 8 females sunstaronline,,en,0.012004,0.081206,0.245497,0.192718,0.270675,"['disgust', 0.270675]"
johnnagiolagon,2017-10-04 13:39,from photojournalist jes aznar nietos use on the issue of the marawi battle footage i shot during the first,,en,0.36316,0.082286,0.539065,0.062059,0.051369,"['sadness', 0.539065]"
dzxl558_rea,2017-10-04 13:37,sec lorenzana9 males and 8 females ages ranging from 1875 were rescued in marawi newsrmn erelcabatbat,"(['National Capital Region'], Location((14.5736108, 121.0329706, 0.0)))",en,0.050415,0.047417,0.328789,0.128568,0.245979,"['sadness', 0.328789]"
jdesignz,2017-10-04 13:37,17 maute group hostages rescued in marawi lorenzana,,en,0.072356,0.141134,0.207181,0.510897,0.143148,"['fear', 0.510897]"
def_filipino,2017-10-04 13:34,the agency also aims to train 200 construction workers for the reconstruction and rehabilitation of marawi city,"(['Philippines'], Location((12.7503486, 122.7312101, 0.0)))",en,0.128592,0.095486,0.246873,0.072238,0.123467,"['sadness', 0.246873]"
maracepeda,2017-10-04 13:32,over a dozen marawi hostages rescued,"(['Manila', ' Philippines'], Location((14.5906216, 120.9799696, 0.0)))",en,0.065414,0.111152,0.224508,0.471236,0.115159,"['fear', 0.471236]"
LOCALNEWSNgayon,2017-10-04 13:32,17 maute group hostages rescued in marawi lorenzana  read via gma news,"(['Philippines'], Location((12.7503486, 122.7312101, 0.0)))",en,0.025133,0.158629,0.255701,0.521946,0.262121,"['fear', 0.521946]"
gmanews,2017-10-04 13:30,govt troops rescue 17 hostages 9 male and 8 female in marawidefense sec lorenzana  via amitalegaspi,"(['Philippines'], Location((12.7503486, 122.7312101, 0.0)))",en,0.076118,0.021458,0.599895,0.253646,0.326969,"['sadness', 0.599895]"
amitalegaspi,2017-10-04 13:29,govt troops rescue 17 hostages 9 male and 8 female in marawidefense sec lorenzana gmanewsbreaking,,en,0.0956,0.018014,0.61035,0.214828,0.296935,"['sadness', 0.61035]"
JonathanAndal_,2017-10-04 13:26,defense sec lorenzana 17 hostages were rescued from maute in marawi  9 males and 8 females ages ranging from 1875 dwiz882,"(['Quezon City', ' National Capital'], Location((14.6509905, 121.0486155, 0.0)))",en,0.069293,0.013009,0.468892,0.293514,0.369325,"['sadness', 0.468892]"
iampinkanne,2017-10-04 13:22,breaking defense sec delfin lorenzana confirms 17 hostages rescued in marawi city 9 males and 8 females,,en,0.054796,0.011045,0.562397,0.307519,0.352578,"['sadness', 0.562397]"
undercoater_05,2017-10-04 13:22,president duterte inaugurates housing project in sixth marawi visit president rodrigo roa dutere made his sixth,"(['brunei'], Location((4.4137155, 114.5653908, 0.0)))",en,0.104728,0.473183,0.051774,0.04335,0.141743,"['joy', 0.473183]"
PHTopNews,2017-10-04 13:20,over a dozen marawi hostages rescued  rappler u,,en,0.065414,0.111152,0.224508,0.471236,0.115159,"['fear', 0.471236]"
carmelafonbuena,2017-10-04 13:07,over a dozen marawi hostages rescued via rapplerdotcom,"(['Manila', ' Philippines'], Location((14.5906216, 120.9799696, 0.0)))",en,0.033757,0.130605,0.235868,0.547467,0.154859,"['fear', 0.547467]"
ModernizePH,2017-10-04 13:04,look president duterte visits marawi for 6th time,"(['Republic of the Philippines'], Location((12.7503486, 122.7312101, 0.0)))",en,0.05479,0.45042,0.065216,0.022457,0.186332,"['joy', 0.45042]"
dee_AES_256,2017-10-04 12:41,i agree the real fake news peddler 1 released fake resorts world video 2 claimed duterte in coma when marawi crisis broke and many more,"(['North-East Region', ' Singapore'], Location((-9.57166435, -40.9610517654, 0.0)))",en,0.183685,0.01027,0.611339,0.144883,0.405853,"['sadness', 0.611339]"
PTVisMin,2017-10-04 12:37,president duterte inaugurates housing project in sixth marawi visit,,en,0.085827,0.434992,0.04372,0.0526,0.124307,"['joy', 0.434992]"
KRTpro_News,2017-10-04 12:33,marawi 17 hostages were rescued by troops in marawi krtpro news,"(['London'], Location((51.5073219, -0.1276474, 0.0)))",en,0.064056,0.091854,0.328294,0.481358,0.178496,"['fear', 0.481358]"
terrorism_info,2017-10-04 12:25,17 hostages rescued in marawi marawicity,,en,0.05908,0.087912,0.220795,0.573518,0.132238,"['fear', 0.573518]"
manilabulletin,2017-10-04 12:21,just in 17 hostages were rescued by troops in marawi story to follow,"(['Manila', ' Philippines'], Location((14.5906216, 120.9799696, 0.0)))",en,0.043836,0.342484,0.2355,0.365028,0.10649,"['fear', 0.365028]"
jassspreadlove,2017-10-04 12:19,retweeted concept  conceptgrp troops rescue 17 hostages in marawi u,"(['Manila City', ' National Capital'], Location((14.5906216, 120.9799696, 0.0)))",en,0.067703,0.13364,0.213052,0.361427,0.139008,"['fear', 0.361427]"
moonbow_21,2017-10-04 12:18,ang galing mo din tlga if you are just a blogger why send to ny as asec with pres in marawi  salary your salary is for asec,,en,0.080678,0.134971,0.104094,0.087733,0.105335,"['joy', 0.134971]"
ANCALERTS,2017-10-04 12:14,17 hostages rescued in marawi 0,"(['Philippines'], Location((12.7503486, 122.7312101, 0.0)))",en,0.05908,0.087912,0.220795,0.573518,0.132238,"['fear', 0.573518]"
ConceptGrp,2017-10-04 12:05,troops rescue 17 hostages in marawi,,en,0.065751,0.107833,0.22433,0.472878,0.12656,"['fear', 0.472878]"
PHINewsNet2,2017-10-04 12:04,even in play marawi kids refuse to become maute members 92,"(['Republic of the Philippines'], Location((12.7503486, 122.7312101, 0.0)))",en,0.332271,0.025777,0.368825,0.145926,0.498748,"['disgust', 0.498748]"
thevanguardph,2017-10-04 12:04,breaking troops rescue 17 hostages in marawi 20 are still in the hands of terrorists,"(['Manila', ' Philippines'], Location((14.5906216, 120.9799696, 0.0)))",en,0.119443,0.010474,0.379835,0.644379,0.183316,"['fear', 0.644379]"
MayonadoRaiso,2017-10-04 12:04,pls gives prayer to marawi  ,,en,0.095511,0.152738,0.691114,0.058562,0.005249,"['sadness', 0.691114]"
ANCALERTS,2017-10-04 12:03,just in troops rescue 17 hostages in marawi  via,"(['Philippines'], Location((12.7503486, 122.7312101, 0.0)))",en,0.034153,0.128132,0.235561,0.547834,0.167817,"['fear', 0.547834]"
KatherineImson,2017-10-04 11:59,jtf marawi have yet to confirm rescue of 17 hostages inside marawis main battle area news5aksyon,,en,0.013035,0.034375,0.351246,0.252396,0.016379,"['sadness', 0.351246]"
ABSCBNNews,2017-10-04 11:58,at least 17 hostages in marawi were rescued by the military around 20 more left in the hands of terrorists  via rongagalac,"(['Manila', ' Philippines'], Location((14.5906216, 120.9799696, 0.0)))",en,0.064591,0.016076,0.340797,0.64334,0.270149,"['fear', 0.64334]"
rongagalac,2017-10-04 11:58,atleast 17 hostages in marawi were just rescued by the military around 20 more left in the hands of terrorists,,en,0.094073,0.01983,0.272024,0.68149,0.242113,"['fear', 0.68149]"
nestgianan,2017-10-04 11:51,theres hope in marawi for god is our hope,"(['Quezon City', ' NCR', ' Philippines'], Location((14.6509905, 121.0486155, 0.0)))",en,0.024256,0.515385,0.110528,0.219169,0.165674,"['joy', 0.515385]"
rapplerdotcom,2017-10-04 11:50,us government agents are in the philippines to help identify the bodies retrieved in the battle area in marawi city,"(['Philippines'], Location((12.7503486, 122.7312101, 0.0)))",en,0.076722,0.091197,0.339515,0.173199,0.054864,"['sadness', 0.339515]"
anitero,2017-10-04 11:49,what is more pernicious a post made to imply a senator was behind the marawi attack or a doj secretary who cites it before the media,"(['Manila'], Location((14.5906216, 120.9799696, 0.0)))",en,0.27909,0.080408,0.179365,0.367481,0.347171,"['fear', 0.367481]"
Nobullx,2017-10-04 11:43,marawi call it a hunch,"(['Everywhere'], Location((41.7776533, -72.6740756, 0.0)))",en,0.149534,0.061873,0.310662,0.089562,0.122424,"['sadness', 0.310662]"
kateastrophic,2017-10-04 11:42,fuck influencers  bloggers who can post prayers and thoughts for vegasparisbarcelona but cant post anything about marawi etc ,,en,0.425543,0.115438,0.515698,0.152379,0.064056,"['sadness', 0.515698]"
WisemanAsher,2017-10-04 11:41,manila marawi the philippines is the new wild west isis stephenpaddock debkafile,"(['Portland', ' OR'], Location((45.5202471, -122.6741949, 0.0)))",en,0.072579,0.516765,0.273678,0.099667,0.073453,"['joy', 0.516765]"
seoksha,2017-10-04 11:37,so my crush is in marawi right now as a volunteer surgeon sml,,en,0.158967,0.363126,0.320501,0.02528,0.067053,"['joy', 0.363126]"
rickrick888,2017-10-04 11:36,uson gma online face off on alleged mocha selfie in mosque in marawi visit  live  cnn philippines cnnphilippi,,en,0.039123,0.522462,0.215969,0.09251,0.125891,"['joy', 0.522462]"
cnnphilippines,2017-10-04 11:35,uson gma online face off on alleged mocha selfie in mosque in marawi visit  live,,en,0.041771,0.570218,0.191802,0.09505,0.123793,"['joy', 0.570218]"
maxangelo987,2017-10-04 11:31,refugees from marawi city will be given priority for jobs in the planned reconstruction of warravaged city ,,en,0.10759,0.16594,0.503555,0.06651,0.228905,"['sadness', 0.503555]"
PHHotTrends,2017-10-04 11:21,vera files tordesillas talks about nietos very serious accusation that jes aznar posted live video of marawi operaitons,"(['Manila City'], Location((14.5906216, 120.9799696, 0.0)))",en,0.218504,0.164705,0.187305,0.35402,0.210127,"['fear', 0.35402]"
rianerodriguez,2017-10-04 11:13,help restore hope among families displaced by fighting in marawi d,"(['Davao City', ' Philippines'], Location((7.22650725, 125.454887691, 0.0)))",en,0.033982,0.449862,0.080252,0.086196,0.005385,"['joy', 0.449862]"
Nobullx,2017-10-04 11:10,tell me the bitch isnt from marawi,"(['Everywhere'], Location((41.7776533, -72.6740756, 0.0)))",en,0.884466,0.00517,0.114228,0.053612,0.157607,"['anger', 0.884466]"
ArendoCoworking,2017-10-04 11:10,for taking a big step in helping the refugees in marawi and for a successful fund raising event kudos uap  ga negros occidental chapter,"(['Bacolod City', ' Western Visayas'], Location((10.6762836, 122.9513786, 0.0)))",en,0.030771,0.558804,0.156738,0.026022,0.153886,"['joy', 0.558804]"
BriennePiliTart,2017-10-04 11:09,these celebrities and influencers speaking up against vegas shootingviolence pero nr sa ejks marawi drug war etc nothing wrong that,,en,0.12425,0.029637,0.470989,0.156821,0.385678,"['sadness', 0.470989]"
stevush5,2017-10-04 11:08,let the saudi and persian money pour in to rebuild the islamic city of marawi,,en,0.184935,0.046855,0.210886,0.177893,0.434406,"['disgust', 0.434406]"
kenjisolis,2017-10-04 11:00,tesda provides skills training for marawi evacuees  ptv news,"(['Saudi Arabia'], Location((17.7269134, 42.2363448, 0.0)))",en,0.092293,0.117475,0.18704,0.036766,0.077534,"['sadness', 0.18704]"
sriphils,2017-10-04 10:50,good read the battle for marawi urban warfare lessons for the afp,"(['Quezon City', ' Philippines'], Location((14.6509905, 121.0486155, 0.0)))",en,0.076155,0.55163,0.241956,0.140999,0.020578,"['joy', 0.55163]"
ForTraders,2017-10-04 10:50,aboitiz equity ventures  team members support service marathon for marawi relief,,en,0.041411,0.067355,0.032925,0.02616,0.076146,"['disgust', 0.076146]"
PTVph,2017-10-04 10:50,news  adiong the president is very much focused on rebuilding marawi,"(['Philippines'], Location((12.7503486, 122.7312101, 0.0)))",en,0.125305,0.189082,0.288241,0.0908,0.19591,"['sadness', 0.288241]"
COCOhernandez,2017-10-04 10:46,its sad how more civilians die in evacuation centers than in the war zone saw this news clip about marawi on,"(['Makati', ' Philippines'], Location((14.55459465, 121.021407905, 0.0)))",en,0.064523,0.008501,0.8001,0.264513,0.144056,"['sadness', 0.8001]"
reincarpio,2017-10-04 10:41,news link marawi vs saf44 dot labor norcal,"(['van nuys  california'], Location((34.1866581, -118.448729, 0.0)))",en,0.063864,0.061712,0.461594,0.189104,0.088533,"['sadness', 0.461594]"
subselfie,2017-10-04 10:27,as the marawi crisis drags on many lumads in other parts of mindanao are suffering from the effects of martial law,"(['Republic of the Philippines'], Location((12.7503486, 122.7312101, 0.0)))",en,0.08401,0.003071,0.595236,0.518635,0.102045,"['sadness', 0.595236]"
PHHotTrends,2017-10-04 10:26,nieto mentions vera files and issue of photojourn aznar whom he accused of endangering troops in marawi,"(['Manila City'], Location((14.5906216, 120.9799696, 0.0)))",en,0.476126,0.024247,0.210035,0.070403,0.232846,"['anger', 0.476126]"
JulietFoxtrot,2017-10-04 10:24,my latest article on marawi and its lessons for urban warfare maute afp,"(['Singapore'], Location((1.2904753, 103.8520359, 0.0)))",en,0.153449,0.190914,0.367699,0.280169,0.070599,"['sadness', 0.367699]"
jpeb,2017-10-04 10:23,because the issue is irrelevant 13k killings 65b shabu west philippine sea marawi are far more relevant,"(['\xe8\x8f\xb2\xe5\xbe\x8b\xe5\xae\xbe'], Location((12.7503486, 122.7312101, 0.0)))",en,0.334777,0.023033,0.393383,0.025349,0.395431,"['disgust', 0.395431]"
bjornunfpa,2017-10-04 10:14,our women friendly spaces in marawi the philippines are set to reach over 16800 huge thanks to dfat  uncerf,"(['Bangkok', ' Thailand'], Location((-7.846423, 112.1005469, 0.0)))",en,0.029562,0.565135,0.01677,0.013513,0.042545,"['joy', 0.565135]"
Philippinefails,2017-10-04 10:13,as long as they refuse 2 investigate prior knowledge n marawi u can rest assure they do not care about truth sengracepoe trillanessonny,,en,0.313002,0.066978,0.446935,0.145529,0.190272,"['sadness', 0.446935]"
TabsTerror,2017-10-04 10:06,marawi maute group philippines islamic state of iraq and the levant abu sayyaf lanao del sur armed forces ,"(['Baltimore', ' MD'], Location((39.2908816, -76.610759, 0.0)))",en,0.123674,0.049397,0.222882,0.540741,0.256047,"['fear', 0.540741]"
Philippinefails,2017-10-04 10:03,why wont these retards in the government investigate prior knowledge of the marawi attack,,en,0.221153,0.020331,0.127568,0.675792,0.091278,"['fear', 0.675792]"
semibogan,2017-10-04 10:02,depends on if he sent it to known operatives in marawi that would be a turn,,en,0.147632,0.104486,0.124385,0.054535,0.045252,"['anger', 0.147632]"
Philippinefails,2017-10-04 9:59,fake news is psychological warfare now investigate prior knowledge of the marawi attack ,,en,0.264776,0.021541,0.379956,0.495249,0.161156,"['fear', 0.495249]"
agwmercado,2017-10-04 9:59,prrd makes sixth visit to marawi city bangonmarawi cttopcoo 102,,en,0.042775,0.381799,0.089912,0.069293,0.099479,"['joy', 0.381799]"
paulala881,2017-10-04 9:53,huge respect to all of the soldiers who fights for marawis freedom,,en,0.227669,0.316951,0.164699,0.294139,0.231708,"['joy', 0.316951]"
yuggiebam,2017-10-04 9:51,respect to all of the soldiers who fights for marawi,,en,0.20776,0.158928,0.139711,0.264607,0.452874,"['disgust', 0.452874]"
manilainformer,2017-10-04 9:51,tesda to prioritize refugees for jobs in marawireconstruction,"(['Manila'], Location((14.5906216, 120.9799696, 0.0)))",en,0.088886,0.243139,0.415634,0.099105,0.264213,"['sadness', 0.415634]"
pcoogov,2017-10-04 9:50,pres duterte visits wartorn marawi city for sixth time c,,en,0.050433,0.274197,0.146171,0.075081,0.077615,"['joy', 0.274197]"
IreneWhatsUp,2017-10-04 9:42,theres war in marawi killings in our streets but they chose to talk about this cmon senators have a heart,"(['Republic of the Philippines'], Location((12.7503486, 122.7312101, 0.0)))",en,0.0867,0.123443,0.498759,0.308846,0.143726,"['sadness', 0.498759]"
PCSOLotteryDraw,2017-10-04 9:35,marawi city news update  october 04 2017,,en,0.042638,0.149876,0.404611,0.084017,0.046972,"['sadness', 0.404611]"
PCSOLotteryDraw,2017-10-04 9:34,i added a video to a youtube playlist marawi city news update  october 04 2017,,en,0.078439,0.501687,0.215658,0.034843,0.026262,"['joy', 0.501687]"
jdesignz,2017-10-04 9:32,tesda to prioritize refugees for jobs in marawi reconstruction,,en,0.088886,0.243139,0.415634,0.099105,0.264213,"['sadness', 0.415634]"
LOCALNEWSNgayon,2017-10-04 9:32,tesda to prioritize refugees for jobs in marawi reconstruction  read via gma news,"(['Philippines'], Location((12.7503486, 122.7312101, 0.0)))",en,0.025811,0.231511,0.40366,0.178638,0.361973,"['sadness', 0.40366]"
AndrewBudsock,2017-10-04 9:22,what is really going on with isis in the philippines marawi,"(['New York', ' NY'], Location((40.7306458, -73.9866136, 0.0)))",en,0.193889,0.113406,0.374819,0.237397,0.218248,"['sadness', 0.374819]"
PHINewsNet1,2017-10-04 9:18,transitional shelters for marawi evacuees ready by yearend,"(['Manila City', ' National Capital Region'], Location((14.5906216, 120.9799696, 0.0)))",en,0.082473,0.494151,0.156524,0.292799,0.020893,"['joy', 0.494151]"
8990HOUSE,2017-10-04 9:12,a surge in housing demand noted in mindanao despite marawi siege decahomesgensan house,,en,0.147657,0.152929,0.375778,0.052743,0.047387,"['sadness', 0.375778]"
ManilaMetroBN,2017-10-04 9:05,fighting to retake marawi set to finish soon as us up military support of philippine forces,,en,0.224962,0.076033,0.402448,0.398013,0.108529,"['sadness', 0.402448]"
PHINewsNet2,2017-10-04 9:04,marawi residents get temporary shelter,"(['Republic of the Philippines'], Location((12.7503486, 122.7312101, 0.0)))",en,0.150748,0.167599,0.289714,0.226659,0.264545,"['sadness', 0.289714]"
MYMCCBeach,2017-10-04 9:02,it is being reported here that isis marawi fight is now just a dustup for the duterte gov isis is running out if bullets,,en,0.290434,0.005526,0.137192,0.246831,0.495647,"['disgust', 0.495647]"
stevenplace,2017-10-04 9:02,theyre going to find her in marawi,"(['Florida'], Location((27.7567667, -81.4639835, 0.0)))",en,0.088786,0.23382,0.226505,0.244453,0.061473,"['fear', 0.244453]"
JackBoardCNA,2017-10-04 8:58,main battle scene in marawi treated as crime scene cadavers are being recovered many just skeletons most cant be identified ,"(['Cambodia'], Location((13.5066394, 104.869423, 0.0)))",en,0.086868,0.038351,0.478085,0.119912,0.219178,"['sadness', 0.478085]"
pinaydotcom,2017-10-04 8:48,whether youre in the philippines or abroad you can send mingo meals to marawi evacuees heres a way how u,"(['earth'], Location((34.2331373, -102.4107493, 0.0)))",en,0.041782,0.419294,0.060058,0.034802,0.109449,"['joy', 0.419294]"
PTVph,2017-10-04 8:48,tesda provides skills training for marawi evacuees,"(['Philippines'], Location((12.7503486, 122.7312101, 0.0)))",en,0.094694,0.110505,0.083494,0.013572,0.035408,"['joy', 0.110505]"
GetLifted_Radio,2017-10-04 8:47,isis invades  in the philippines an isis flag is raised in the city of marawi as jihadist militants try to ta,"(['Jacksonville', ' FL'], Location((30.3321838, -81.655651, 0.0)))",en,0.103728,0.046929,0.262489,0.191563,0.449961,"['disgust', 0.449961]"
newsonreddit,2017-10-04 8:46,711 isislinked terrorists dead in marawi conflict in the philippines  isislinked maute group suffering heavy ca,,en,0.12404,0.006698,0.738796,0.362554,0.073996,"['sadness', 0.738796]"
hennesszie,2017-10-04 8:44,condolence to the heroes of marawi,"(['Manila', ' Philippines'], Location((14.5906216, 120.9799696, 0.0)))",en,0.049692,0.313971,0.566259,0.010092,0.030797,"['sadness', 0.566259]"
hitegillooly,2017-10-04 8:34,anyone realize the philippines are an isis stronghold marawi under siege battle against isis in the philippines,,en,0.202492,0.061693,0.595327,0.185632,0.176732,"['sadness', 0.595327]"
CNPH2016,2017-10-04 8:33,tesda provides skills training for marawi evacuees,"(['Philippines'], Location((12.7503486, 122.7312101, 0.0)))",en,0.094694,0.110505,0.083494,0.013572,0.035408,"['joy', 0.110505]"
AgenturRU,2017-10-04 8:31,maute suffering heavy casualties marawi siege wont last longafp,"(['Berlin'], Location((52.5170365, 13.3888599, 0.0)))",en,0.054353,0.037637,0.812801,0.225717,0.056013,"['sadness', 0.812801]"
BolstorM,2017-10-04 8:27,duterte inaugurates housing project in marawi,"(['Pasay City', ' National Capital R'], Location((14.5437592, 120.9954657, 0.0)))",en,0.093262,0.491681,0.057287,0.095017,0.057631,"['joy', 0.491681]"
thedebbiec,2017-10-04 8:19,isis has taken over marawi city in the philippinesgirlfriends parents in philippineshes sending very large sums of money to philippines,"(['Charlotte', ' NC'], Location((35.2270869, -80.8431268, 0.0)))",en,0.233338,0.085749,0.22157,0.13581,0.186126,"['anger', 0.233338]"
Worldnews_top,2017-10-04 8:18,711 isislinked terrorists dead in marawi conflict in the philippines  isislinked maute group suffering heavy casualties marawi siege wo,"(['World'], Location((32.8548259, -117.2041575, 0.0)))",en,0.145201,0.007656,0.768233,0.30101,0.073981,"['sadness', 0.768233]"
JackBoardCNA,2017-10-04 8:18,heavy rain at spot where fighting in marawi first started  where maute group first positioned themselves this building bears the scars,"(['Cambodia'], Location((13.5066394, 104.869423, 0.0)))",en,0.048098,0.062673,0.13623,0.826551,0.033733,"['fear', 0.826551]"
BaaadJuJu,2017-10-04 8:14,battle to recapture marawi philippines from isis is warning for asia,,en,0.446104,0.020722,0.410053,0.30408,0.099565,"['anger', 0.446104]"
icafernandez,2017-10-04 8:12,coming soon from gantala press a collection of short writing on women peace and war in the midst of the marawi crisis,"(['Pilipinas'], Location((12.7503486, 122.7312101, 0.0)))",en,0.100329,0.172496,0.310375,0.495277,0.064318,"['fear', 0.495277]"
TDIAct,2017-10-04 7:54,so if he streamed this to marawi or another deash stronghold is this not terrorism was deash not wrong in their claims,,en,0.106274,0.056319,0.248991,0.065673,0.031906,"['sadness', 0.248991]"
ANCALERTS,2017-10-04 7:50,military continues marawi offensive,"(['Philippines'], Location((12.7503486, 122.7312101, 0.0)))",en,0.064752,0.025525,0.317815,0.061617,0.7175,"['disgust', 0.7175]"
WisemanAsher,2017-10-04 7:44,manila sure seems like the place to be these days its the wild west marawi stephenpaddock,"(['Portland', ' OR'], Location((45.5202471, -122.6741949, 0.0)))",en,0.05061,0.446904,0.444709,0.094525,0.014886,"['joy', 0.446904]"
CrienaHouse,2017-10-04 7:35,about last weekend fundraiser for marawi a province in the southern island of the,"(['Bronx', ' NY'], Location((40.85703325, -73.8366961599, 0.0)))",en,0.065696,0.31779,0.291326,0.189665,0.03142,"['joy', 0.31779]"
thedebbiec,2017-10-04 7:34,research shows isis has taken over marawi city in the philippineshe sending money each month to philippines 100 last month alone,"(['Charlotte', ' NC'], Location((35.2270869, -80.8431268, 0.0)))",en,0.162504,0.104459,0.523371,0.100142,0.105578,"['sadness', 0.523371]"
707Catseye,2017-10-04 7:32,why has the marawi crisis dragged on for months via abscbnnews,,en,0.082279,0.02185,0.32153,0.48986,0.442833,"['fear', 0.48986]"
WaynehartClaire,2017-10-04 7:32,one of the best part of my journey in japan rendering a tribute song for our brothers and sisters in marawi city bangonmarawi c,,en,0.012436,0.87743,0.074209,0.006955,0.017777,"['joy', 0.87743]"
JackBoardCNA,2017-10-04 7:30,downtown marawi reduced to a concrete skeleton this area has been pummelled for more than four months and still the smoke rises,"(['Cambodia'], Location((13.5066394, 104.869423, 0.0)))",en,0.160099,0.117539,0.308729,0.240044,0.327095,"['disgust', 0.327095]"
thedebbiec,2017-10-04 7:29,its kinda curious that the philippines are tied in marawi city in the philippines is supposedly being run by isis just saying,"(['Charlotte', ' NC'], Location((35.2270869, -80.8431268, 0.0)))",en,0.337113,0.058433,0.674168,0.08743,0.038329,"['sadness', 0.674168]"
TDIAct,2017-10-04 7:25,who controls marawi and what is going on there broader context is illuminating,,en,0.118047,0.120724,0.191709,0.204955,0.095015,"['fear', 0.204955]"
AraLoveGrace,2017-10-04 7:17,ceasefire marawi,"(['Singapore'], Location((1.2904753, 103.8520359, 0.0)))",en,0.08686,0.174219,0.151545,0.093654,0.072945,"['joy', 0.174219]"
TDIAct,2017-10-04 7:13,who controls marawi in the philippines lots of anomalies make sense with broader context,,en,0.205314,0.283797,0.17434,0.168792,0.053766,"['joy', 0.283797]"
BlackPearl_Inc,2017-10-04 7:11,troops haul civilian property in troubled marawi to citys safe zone,,en,0.069303,0.14388,0.05695,0.117477,0.057529,"['joy', 0.14388]"
PhilDefNews,2017-10-04 7:01,watch troops show duterte how to build marawi shelter in 10 minutes,"(['Manila', ' Philippines'], Location((14.5906216, 120.9799696, 0.0)))",en,0.103101,0.368391,0.286311,0.175131,0.166251,"['joy', 0.368391]"
thedebbiec,2017-10-04 7:00,what are his strong ties to sending large amounts of money to philippinescurioussupposedly marawi city in philippines run by isis,"(['Charlotte', ' NC'], Location((35.2270869, -80.8431268, 0.0)))",en,0.102697,0.417562,0.269707,0.075602,0.02879,"['joy', 0.417562]"
E_of_Justice,2017-10-04 6:48,i want to know whereclose to marawi,,en,0.121011,0.060467,0.100218,0.228226,0.040214,"['fear', 0.228226]"
SamuelSotoRive2,2017-10-04 6:43,maute laptops seized from terrorist positions in marawi  military,"(['Santiago', ' Chile'], Location((-33.4377968, -70.6504451, 0.0)))",en,0.182261,0.030377,0.424323,0.434448,0.058105,"['fear', 0.434448]"
inquirer_libre,2017-10-04 6:41,in marawi temporary homes for evacuees take form of huts 22,"(['Philippines'], Location((12.7503486, 122.7312101, 0.0)))",en,0.07775,0.18813,0.185302,0.086645,0.06151,"['joy', 0.18813]"
AlbertEbask,2017-10-04 6:15,lol look at a map and check what marawi look like to the country educate yourself properly muslim  4,,en,0.067225,0.614976,0.133133,0.068498,0.159771,"['joy', 0.614976]"
AmirahLidasan,2017-10-04 6:13,so much destruction to marawi just to make sure they get their moneys worth next intervention  rehabilitation,,en,0.347994,0.14017,0.123002,0.257985,0.065837,"['anger', 0.347994]"
TheWarOfNow,2017-10-04 6:10,philippines marawi isis woman could be implicated out of country while this happened very convenient,,en,0.069261,0.046436,0.370853,0.146236,0.287479,"['sadness', 0.370853]"
SarahMckinj62,2017-10-04 5:44,gov forces in philippines city of marawi have been fighting for months to rout militants suspected of ties to isis,"(['Buffalo', ' NY'], Location((42.8867166, -78.8783922, 0.0)))",en,0.329294,0.013716,0.408276,0.272134,0.307533,"['sadness', 0.408276]"
Saleh_Aloraini,2017-10-04 5:25,in marawi the army had not been able to advance for months so they changed the plan,"(['Arizona', ' USA'], Location((34.395342, -111.7632755, 0.0)))",en,0.027756,0.120497,0.256876,0.081344,0.052646,"['sadness', 0.256876]"
nerowattz,2017-10-04 5:22,in marawi temporary homes for evacuees take form of huts inquirermobile,"(['Makati City'], Location((14.5591272, 121.0202094, 0.0)))",en,0.07775,0.18813,0.185302,0.086645,0.06151,"['joy', 0.18813]"
Visayanbizpost,2017-10-04 5:04,a surge in housing demand noted in mindanao despite marawi siege  business mirror,"(['Ormoc', ' Philippines'], Location((11.0094099, 124.6075767, 0.0)))",en,0.038317,0.107739,0.294948,0.01396,0.030781,"['sadness', 0.294948]"
ANCALERTS,2017-10-04 5:00,duterte goes back to marawi marawiclashhttp,"(['Philippines'], Location((12.7503486, 122.7312101, 0.0)))",en,0.049811,0.196111,0.621567,0.089158,0.012148,"['sadness', 0.621567]"
Lord_Molyneaux,2017-10-04 4:56,theyre still fighting in marawi,,en,0.31576,0.036864,0.436443,0.326183,0.228194,"['sadness', 0.436443]"
thedebbiec,2017-10-04 4:24,typo marawi city in philippines,"(['Charlotte', ' NC'], Location((35.2270869, -80.8431268, 0.0)))",en,0.035435,0.453714,0.335233,0.126947,0.012976,"['joy', 0.453714]"
PeninsulaQatar,2017-10-04 4:15,philippines foreignlooking fighter among marawi dead,"(['Qatar'], Location((25.22803095, 55.1733279309, 0.0)))",en,0.162399,0.07742,0.666752,0.138997,0.038185,"['sadness', 0.666752]"
QEPLisaSpeaks,2017-10-04 4:12,marawi good news to report the islamic state has been nearly defeated in the southern philippines 1st mass catholic church since siege,,en,0.039451,0.315847,0.237095,0.39095,0.109257,"['fear', 0.39095]"
PepeSilva01,2017-10-04 4:02,then why did he wire her 100k before also is no one gonna mention how in the phillipenes rn isis took over marawi n she is filipino,,en,0.096995,0.180109,0.241779,0.198257,0.205013,"['sadness', 0.241779]"
EvropaNossa,2017-10-04 3:44,isis has a stronghold in the philippines see marawi that is more secure then syriairaq and with easy access,"(['France libre'], Location((48.0115657, -4.5427098, 0.0)))",en,0.086249,0.258458,0.151611,0.025969,0.098045,"['joy', 0.258458]"
risetopeace,2017-10-04 3:40,speaking before military officers in marawi city president rodrigo duterte responded to allegations he has,"(['Washington', ' DC'], Location((38.8949549, -77.0366456, 0.0)))",en,0.28135,0.081183,0.183548,0.123753,0.333052,"['disgust', 0.333052]"
BrianBLevinson,2017-10-04 3:20,i knew it hes an isis antifa that money is being used to support abu sayyaf in marawi the media is covering it up,"(['Astoria', ' Queens'], Location((46.187885, -123.831256, 0.0)))",en,0.193593,0.057288,0.182223,0.064938,0.551491,"['disgust', 0.551491]"
RFrangie,2017-10-04 3:20,nope still fighting in marawi,"(['Close to Atlanta', ' GA'], Location((45.2259043, -84.1880774, 0.0)))",en,0.220317,0.04216,0.614877,0.22657,0.134543,"['sadness', 0.614877]"
egdsgn,2017-10-04 3:19,military continues marawioffensive,"(['Davao City', ' Davao Region'], Location((7.22650725, 125.454887691, 0.0)))",en,0.073475,0.116863,0.408466,0.106791,0.296076,"['sadness', 0.408466]"
alliahguinal,2017-10-04 2:56, marawi city,"(['Marawi City', ' Autonomous Region'], Location((8.0034938, 124.286626, 0.0)))",en,0.051394,0.216157,0.175201,0.061141,0.050338,"['joy', 0.216157]"
InAbsentia9,2017-10-04 2:36,do you have actual location in philippines just wondering if anywhere near marawi,"(['Tatooine...'], Location((44.3518895, -73.0324936421, 0.0)))",en,0.105273,0.033193,0.115647,0.107312,0.158223,"['disgust', 0.158223]"
WomenWantTrump,2017-10-04 2:34,marawi under siege battle against isis in the philippineshttps,"(['United States'], Location((39.7837304, -100.4458825, 0.0)))",en,0.29715,0.049015,0.421317,0.180726,0.086002,"['sadness', 0.421317]"
mahyuta,2017-10-04 2:02,same time isis was establising a frknt to attack marawi,"(['Within the mind'], Location((55.4138133, -1.7065048, 0.0)))",en,0.292822,0.003018,0.172087,0.634852,0.26045,"['fear', 0.634852]"
ken_dizzle_,2017-10-04 1:55,vlog us agents check for most wanted terrorists among marawi bodies,,en,0.095414,0.16368,0.309657,0.466662,0.047642,"['fear', 0.466662]"
brockreiss,2017-10-04 1:08,well we may have a motive and marilou danley helped and encourage isis main battle is also in marawi vegasshooter,,en,0.038985,0.120286,0.346691,0.240544,0.02249,"['sadness', 0.346691]"
slstrategiesusa,2017-10-04 1:06,battle of marawi date 23 may 2017  present 4 months 1 week and 3 days  4 months via,"(['United States'], Location((39.7837304, -100.4458825, 0.0)))",en,0.055177,0.590476,0.214599,0.104035,0.052122,"['joy', 0.590476]"
KRNGRadio,2017-10-04 1:02,marawi cathedral celebrates first mass since may attack,"(['Wadsworth', ' Nevada'], Location((41.0256101, -81.7298519, 0.0)))",en,0.144749,0.286325,0.111344,0.463345,0.122001,"['fear', 0.463345]"
TheManilaTimes,2017-10-04 0:58,marawi hospital receives ambulance unit from pcso,"(['Philippines'], Location((12.7503486, 122.7312101, 0.0)))",en,0.059864,0.172321,0.256288,0.071565,0.071686,"['sadness', 0.256288]"
SocialGivingOrg,2017-10-04 0:58,msfusa philippines around 3600 have been displaced from marawi after fleeing heavy fighting no one knows wh,,en,0.032317,0.100388,0.351647,0.468156,0.139423,"['fear', 0.468156]"
MSF_USA,2017-10-04 0:54,philippines around 3600 have been displaced from marawi after fleeing heavy fighting no one knows when they can return to rebuild homes,"(['New York', ' NY'], Location((40.7306458, -73.9866136, 0.0)))",en,0.036786,0.154703,0.357598,0.436728,0.12219,"['fear', 0.436728]"
maith_i,2017-10-04 0:51,and since then there has been a steadily increasing number of attacks one city marawi is their center i understand,"(['Dallas', ' TX'], Location((32.7762719, -96.7968559, 0.0)))",en,0.15147,0.038578,0.316181,0.319451,0.047615,"['fear', 0.319451]"
InqNational,2017-10-04 0:30,icymi even in play marawi kids refuse to become maute members,"(['Manila', ' Philippines'], Location((14.5906216, 120.9799696, 0.0)))",en,0.198587,0.015964,0.467788,0.196679,0.496134,"['disgust', 0.496134]"
sephcham,2017-10-04 0:09,or stopthekillings pray for marawi no to martial law why attack david when he just tweeted prayforlasvegas isnt that cyberbullying,"(['Quezon City', ' Philippines'], Location((14.6509905, 121.0486155, 0.0)))",en,0.142187,0.015271,0.24606,0.612517,0.299129,"['fear', 0.612517]"
mariaressa,2017-10-04 0:04,watch troops show duterte how to build marawi shelter in 10 minutes  via,"(['Philippines'], Location((12.7503486, 122.7312101, 0.0)))",en,0.050571,0.368124,0.28549,0.227858,0.197575,"['joy', 0.368124]"
