lineupmaster,2017-06-29 23:56,my hometown marawi is like world war 2 scenery,"(['Manila', ' Philippines'], Location((14.5906216, 120.9799696, 0.0)))",en,0.108205,0.358764,0.394336,0.080468,0.077343,"['sadness', 0.394336]"
DailyStarPH,2017-06-29 23:43,funds from slow projects to be used for marawi rehab  dbm ,"(['Republic of the Philippines'], Location((12.7503486, 122.7312101, 0.0)))",en,0.30166,0.061118,0.13537,0.073191,0.299006,"['anger', 0.30166]"
carmelafonbuena,2017-06-29 23:19,in photos death and destruction in banggolo heart of marawi via rapplerdotcomhttpd,"(['Manila', ' Philippines'], Location((14.5906216, 120.9799696, 0.0)))",en,0.135177,0.026805,0.729525,0.319421,0.036859,"['sadness', 0.729525]"
madctarroza,2017-06-29 23:11,400 dead in marawi,"(['Manila', ' Philippines'], Location((14.5906216, 120.9799696, 0.0)))",en,0.210917,0.002649,0.689112,0.183548,0.229805,"['sadness', 0.689112]"
RexanneTherese,2017-06-29 22:52,pray for marawi,"(['Republic of the Philippines'], Location((12.7503486, 122.7312101, 0.0)))",en,0.033806,0.026312,0.415428,0.589497,0.154411,"['fear', 0.589497]"
ABSCBNNews,2017-06-29 22:52,look a tornado passes through marawi city near lake lanao at around 5pm earlier as parts of the city remain ablaze,"(['Manila', ' Philippines'], Location((14.5906216, 120.9799696, 0.0)))",en,0.055152,0.134308,0.177518,0.094815,0.049157,"['sadness', 0.177518]"
philmonitor,2017-06-29 22:45,birthday wish of child evacuee from marawi i want my rabbits back  via,"(['Republic of the Philippines'], Location((12.7503486, 122.7312101, 0.0)))",en,0.011543,0.592145,0.280354,0.094635,0.053552,"['joy', 0.592145]"
ANCALERTS,2017-06-29 22:44,look a tornado passes through marawi city near lake lanao at around 5 pm earlier as parts of the city remain ablaze,"(['Philippines'], Location((12.7503486, 122.7312101, 0.0)))",en,0.05504,0.11062,0.187408,0.092887,0.033968,"['sadness', 0.187408]"
PHLNewsOnline,2017-06-29 22:41,news5 38 days of marawi clashes leave 418 people dead military says maute group to,"(['Philippines'], Location((12.7503486, 122.7312101, 0.0)))",en,0.195992,0.023128,0.714321,0.13659,0.228806,"['sadness', 0.714321]"
AksyonTV,2017-06-29 22:37,38 days of marawi clashes leave 418 people dead military says maute group to crumble,"(['TV5', ' Philippines'], Location((47.8967217, 106.887564062, 0.0)))",en,0.186823,0.021036,0.75794,0.105948,0.208049,"['sadness', 0.75794]"
diamathematical,2017-06-29 22:21,martial law in marawi,"(['Republic of the Philippines'], Location((12.7503486, 122.7312101, 0.0)))",en,0.192162,0.055343,0.15959,0.254021,0.215215,"['fear', 0.254021]"
ABSCBNNews,2017-06-29 22:15,funds from slow projects to be used for marawi rehab  dbm c,"(['Manila', ' Philippines'], Location((14.5906216, 120.9799696, 0.0)))",en,0.30166,0.061118,0.13537,0.073191,0.299006,"['anger', 0.30166]"
supershangooon,2017-06-29 22:10,for meranaws marawi is home,"(['philippines'], Location((12.7503486, 122.7312101, 0.0)))",en,0.08841,0.313936,0.195546,0.311667,0.098403,"['joy', 0.313936]"
ANCALERTS,2017-06-29 22:00,funds from slow projects to be used for marawi rehab  dbm 9,"(['Philippines'], Location((12.7503486, 122.7312101, 0.0)))",en,0.30166,0.061118,0.13537,0.073191,0.299006,"['anger', 0.30166]"
inquirer_libre,2017-06-29 21:52,look first images from barangay bangolo in marawi city,"(['Philippines'], Location((12.7503486, 122.7312101, 0.0)))",en,0.021253,0.48877,0.088172,0.030884,0.311964,"['joy', 0.48877]"
PHLNewsOnline,2017-06-29 21:51,gma news 17 marawi civilians killed execution style soco findings,"(['Philippines'], Location((12.7503486, 122.7312101, 0.0)))",en,0.275053,0.063849,0.36469,0.253197,0.221459,"['sadness', 0.36469]"
ModernizePH,2017-06-29 21:47,marawi conflict will end in a matter of daysduterte d,"(['Republic of the Philippines'], Location((12.7503486, 122.7312101, 0.0)))",en,0.276727,0.194646,0.368769,0.081485,0.061243,"['sadness', 0.368769]"
gmanews,2017-06-29 21:46,17 marawi civilians killed execution style soco findings d,"(['Philippines'], Location((12.7503486, 122.7312101, 0.0)))",en,0.310775,0.072663,0.255046,0.223271,0.172019,"['anger', 0.310775]"
deanjorgebocobo,2017-06-29 21:40,duterteyear1 who wouldve guessed that a debacle like marawi would happen under phs first president from mindanao 2,"(['Philippines'], Location((12.7503486, 122.7312101, 0.0)))",en,0.08566,0.083631,0.203602,0.102338,0.082361,"['sadness', 0.203602]"
TheGoldHub,2017-06-29 21:28,inside marawi,"(['Republic of the Philippines'], Location((12.7503486, 122.7312101, 0.0)))",en,0.079254,0.08857,0.272651,0.032301,0.033567,"['sadness', 0.272651]"
LOCALNEWSNgayon,2017-06-29 21:26,17 marawi civilians killed execution style soco findings  read via gma news,"(['Philippines'], Location((12.7503486, 122.7312101, 0.0)))",en,0.148287,0.106488,0.360584,0.334385,0.324255,"['sadness', 0.360584]"
edreed46,2017-06-29 21:23,most detailed  informed analysis of the marawi situation that ive seen,"(['Philippines'], Location((12.7503486, 122.7312101, 0.0)))",en,0.076353,0.242283,0.228931,0.134421,0.142968,"['joy', 0.242283]"
PHLNewsOnline,2017-06-29 21:22,news5 watch  marawi crisis rescued hostages say maute molested female hostages,"(['Philippines'], Location((12.7503486, 122.7312101, 0.0)))",en,0.082106,0.032836,0.300231,0.584841,0.314324,"['fear', 0.584841]"
AksyonTV,2017-06-29 21:20,watch  marawi crisis rescued hostages say maute molested female hostages murdered,"(['TV5', ' Philippines'], Location((47.8967217, 106.887564062, 0.0)))",en,0.124344,0.010337,0.284056,0.474884,0.484651,"['disgust', 0.484651]"
ABSCBNNews,2017-06-29 20:55,duterte says end of marawi conflict just a matter of days duterteclash,"(['Manila', ' Philippines'], Location((14.5906216, 120.9799696, 0.0)))",en,0.224993,0.280961,0.482619,0.073226,0.048382,"['sadness', 0.482619]"
gmanews,2017-06-29 20:54,senator honasan tags marawi city siege nothing new u9,"(['Philippines'], Location((12.7503486, 122.7312101, 0.0)))",en,0.07451,0.16296,0.17421,0.071674,0.108283,"['sadness', 0.17421]"
manilabulletin,2017-06-29 20:52,duterte says he may visit marawi but wont announce it even after trip  genkabiling,"(['Manila', ' Philippines'], Location((14.5906216, 120.9799696, 0.0)))",en,0.078056,0.584076,0.116383,0.185733,0.052459,"['joy', 0.584076]"
PH_NewsGazette,2017-06-29 20:49,maute group death toll in marawi fighting now at 299  afp informationtechnology,"(['Republic of the Philippines'], Location((12.7503486, 122.7312101, 0.0)))",en,0.138195,0.056778,0.548846,0.183638,0.119768,"['sadness', 0.548846]"
philippinenews7,2017-06-29 20:46,duterte sees marawi conflict over in days  president rodrigo duterte is optimistic that the ongoing clash of s,"(['Philippines'], Location((12.7503486, 122.7312101, 0.0)))",en,0.173523,0.258041,0.404825,0.036461,0.061765,"['sadness', 0.404825]"
philippinenews7,2017-06-29 20:46,honasan marawi city siege nothing new  itong martial law what im trying to say basically is do not worry ,"(['Philippines'], Location((12.7503486, 122.7312101, 0.0)))",en,0.154672,0.095558,0.611622,0.122677,0.142254,"['sadness', 0.611622]"
EagleNewsPH,2017-06-29 20:45,president duterte calls for inquiry into source of weapons of local terrorists when war in marawi is over ,"(['Quezon City', 'Philippines'], Location((14.6509905, 121.0486155, 0.0)))",en,0.385002,0.020469,0.442553,0.427789,0.064515,"['sadness', 0.442553]"
ANCALERTS,2017-06-29 20:45,duterte says end of marawi conflict just a matter of days marawiclashhttp2,"(['Philippines'], Location((12.7503486, 122.7312101, 0.0)))",en,0.224993,0.280961,0.482619,0.073226,0.048382,"['sadness', 0.482619]"
manilabulletin,2017-06-29 20:43,on optimism marawi will be over in matter of days duterte says theres less fighting on the ground  genkabiling,"(['Manila', ' Philippines'], Location((14.5906216, 120.9799696, 0.0)))",en,0.18101,0.456505,0.208694,0.110677,0.164464,"['joy', 0.456505]"
SusiYalan,2017-06-29 20:34,think like a proton always positive capitol marawi city,"(['Marawi city', ' PH'], Location((8.0034938, 124.286626, 0.0)))",en,0.047268,0.734324,0.088387,0.041309,0.020849,"['joy', 0.734324]"
fiestasaquiapo,2017-06-29 20:32,philippine muslims fear marawi fighting may deepen communal discord  reuters,"(['Republic of the Philippines'], Location((12.7503486, 122.7312101, 0.0)))",en,0.03195,0.01743,0.03227,0.939832,0.085044,"['fear', 0.939832]"
PHLNewsOnline,2017-06-29 20:30,gma news duterte sees marawi conflict over in days,"(['Philippines'], Location((12.7503486, 122.7312101, 0.0)))",en,0.076136,0.276056,0.545829,0.11764,0.057067,"['sadness', 0.545829]"
inquirer_libre,2017-06-29 20:29,duterte marawi siege will end in a matter of days,"(['Philippines'], Location((12.7503486, 122.7312101, 0.0)))",en,0.147314,0.458477,0.213982,0.08207,0.069504,"['joy', 0.458477]"
rapplerdotcom,2017-06-29 20:22,six bodies from marawi were buried in iligan including 4 suspected maute terror group members,"(['Philippines'], Location((12.7503486, 122.7312101, 0.0)))",en,0.152479,0.002921,0.150869,0.73994,0.068985,"['fear', 0.73994]"
rapplerdotcom,2017-06-29 20:20,duterte says slowing down of fighting and less resistance on the ground is reason why he thinks marawi crisis will end in a month,"(['Philippines'], Location((12.7503486, 122.7312101, 0.0)))",en,0.188533,0.028411,0.619355,0.298116,0.166855,"['sadness', 0.619355]"
News5AKSYON,2017-06-29 20:20,pres duterte the troops must see me there in marawi their lives are not more important than mine,"(['Philippines'], Location((12.7503486, 122.7312101, 0.0)))",en,0.109384,0.483021,0.186531,0.098086,0.085378,"['joy', 0.483021]"
eerijao,2017-06-29 20:20,basically president says dont hold back just because civilians will be killed in marawi operations im glad i didnt vote for this guy,"(['Philippines'], Location((12.7503486, 122.7312101, 0.0)))",en,0.357099,0.298509,0.123052,0.068135,0.226902,"['anger', 0.357099]"
PIADesk,2017-06-29 20:18,afp eyes to end marawi clash soon defendrepublic,"(['Philippines'], Location((12.7503486, 122.7312101, 0.0)))",en,0.117106,0.09792,0.500751,0.249712,0.034327,"['sadness', 0.500751]"
News5AKSYON,2017-06-29 20:18,pres duterte hindi ito matatapos because the fight in marawi is between government and isis the maute are just personalities,"(['Philippines'], Location((12.7503486, 122.7312101, 0.0)))",en,0.350307,0.052604,0.242776,0.138684,0.27977,"['anger', 0.350307]"
LOCALNEWSNgayon,2017-06-29 20:16,honasan marawi city siege nothing new  read via gma news,"(['Philippines'], Location((12.7503486, 122.7312101, 0.0)))",en,0.021322,0.192335,0.422916,0.277787,0.263478,"['sadness', 0.422916]"
LOCALNEWSNgayon,2017-06-29 20:16,duterte sees marawi conflict over in days  read via gma news,"(['Philippines'], Location((12.7503486, 122.7312101, 0.0)))",en,0.034729,0.338276,0.435767,0.188245,0.109458,"['sadness', 0.435767]"
castillo19939,2017-06-29 20:13,and efkerzz the reyna of response herself sec judy the spunk and stamina di naman halatang 36th day na sa marawi response thank you mam d,"(['Philippines'], Location((12.7503486, 122.7312101, 0.0)))",en,0.095315,0.36393,0.328881,0.065996,0.072998,"['joy', 0.36393]"
gmanews,2017-06-29 20:11,duterte sees marawi conflict over in days,"(['Philippines'], Location((12.7503486, 122.7312101, 0.0)))",en,0.084338,0.351591,0.416996,0.076451,0.024807,"['sadness', 0.416996]"
piaranada,2017-06-29 20:06,duterte says slowing down of fighting and less resistance on the ground is reason why he thinks marawi crisis will end in a month 2,"(['Philippines'], Location((12.7503486, 122.7312101, 0.0)))",en,0.188533,0.028411,0.619355,0.298116,0.166855,"['sadness', 0.619355]"
wormservant777,2017-06-29 20:01,thesame delema in marawi were mauteisis use civilian as shields while govtsoldiers are engage no other choice to save millions,"(['Pampanga', ' Philippines'], Location((15.0251068, 120.6870474, 0.0)))",en,0.084007,0.239841,0.1984,0.111484,0.090713,"['joy', 0.239841]"
wvpalarao,2017-06-29 19:59,dnd chief slams leftist groups making dubious report amid marawi crisis  ang kwan,"(['Republic of the Philippines'], Location((12.7503486, 122.7312101, 0.0)))",en,0.340959,0.052194,0.248887,0.32697,0.317727,"['anger', 0.340959]"
DuterteHolic,2017-06-29 19:49,duterte marawi siege will end in a matter of days 2,"(['Republic of the Philippines'], Location((12.7503486, 122.7312101, 0.0)))",en,0.147314,0.458477,0.213982,0.08207,0.069504,"['joy', 0.458477]"
sunstarcebu,2017-06-29 19:43,heres why marawi evacuees are finding refuge in boracay a tourist destination,"(['Cebu', ' Philippines'], Location((10.45, 123.84, 0.0)))",en,0.050315,0.455477,0.076099,0.128015,0.056469,"['joy', 0.455477]"
MegawideBuilds,2017-06-29 19:39,megawide foundation turns over donations for marawi siege victims earlier today megawide foundation president,"(['Philippines'], Location((12.7503486, 122.7312101, 0.0)))",en,0.08507,0.307591,0.345472,0.053447,0.202561,"['sadness', 0.345472]"
manilabulletin,2017-06-29 19:37,duterte a few more days and we will prevail in marawi  argyllcyrusmb,"(['Manila', ' Philippines'], Location((14.5906216, 120.9799696, 0.0)))",en,0.071697,0.427026,0.227939,0.092491,0.048228,"['joy', 0.427026]"
P0DUNKED,2017-06-29 19:34,dont send that abusive cop to marawi just fucking fire him for fucks sake marawi has had enough assholes already give them a break,"(['Republic of the Philippines'], Location((12.7503486, 122.7312101, 0.0)))",en,0.753908,0.003909,0.187784,0.082238,0.304465,"['anger', 0.753908]"
castillo19939,2017-06-29 19:34,this is making me clap truly all 13 response clusters in just 25hours meeting wooh kudos to the interclusters coordination for marawi,"(['Philippines'], Location((12.7503486, 122.7312101, 0.0)))",en,0.012631,0.795028,0.037703,0.017025,0.123351,"['joy', 0.795028]"
deanjorgebocobo,2017-06-29 19:34,duterteyear1 is the greatest setback for filipinos since marcos worst years what terrorists have done to marawi duterte is doing to ph,"(['Philippines'], Location((12.7503486, 122.7312101, 0.0)))",en,0.122398,0.043151,0.486872,0.343598,0.14359,"['sadness', 0.486872]"
EagleNewsPH,2017-06-29 19:30,few more days and we will prevail in marawi i give you assurance you will be protected at least during my time wala kayo masabi sa akin,"(['Quezon City', 'Philippines'], Location((14.6509905, 121.0486155, 0.0)))",en,0.035551,0.211563,0.603944,0.054916,0.183266,"['sadness', 0.603944]"
piaranada,2017-06-29 19:30,presidentduterte a few more days we will prevail in marawi rapplerdotcom,"(['Philippines'], Location((12.7503486, 122.7312101, 0.0)))",en,0.071697,0.427026,0.227939,0.092491,0.048228,"['joy', 0.427026]"
NewsRmn,2017-06-29 19:30,pduterte we will prevail in marawi do not worry 8,"(['Republic of the Philippines'], Location((12.7503486, 122.7312101, 0.0)))",en,0.08686,0.174219,0.151545,0.093654,0.072945,"['joy', 0.174219]"
vots2003,2017-06-29 19:27,beheaded civilians found in marawi  coconuts manila,"(['Laguna', ' Philippines'], Location((14.1696476, 121.3336526, 0.0)))",en,0.151449,0.251017,0.181765,0.128658,0.185796,"['joy', 0.251017]"
interaksyon,2017-06-29 19:25,duterte on marawi crisis we are winning the war do not worry  via ipcigaral,"(['Philippines'], Location((12.7503486, 122.7312101, 0.0)))",en,0.098322,0.252114,0.120031,0.492712,0.240187,"['fear', 0.492712]"
PhilippineStar,2017-06-29 19:20,senate ready to pour funds for marawi rehab,"(['Philippines'], Location((12.7503486, 122.7312101, 0.0)))",en,0.241163,0.039535,0.077209,0.086571,0.492436,"['disgust', 0.492436]"
rapplerdotcom,2017-06-29 19:19,duterte expects marawi clashes to be over in the next few days we are winning the war dont worry  via piaranada,"(['Philippines'], Location((12.7503486, 122.7312101, 0.0)))",en,0.265367,0.412181,0.265149,0.092463,0.036462,"['joy', 0.412181]"
ipcigaral,2017-06-29 19:19,duterte on marawi crisis we are winning the war do not worry,"(['Republic of the Philippines'], Location((12.7503486, 122.7312101, 0.0)))",en,0.098322,0.252114,0.120031,0.492712,0.240187,"['fear', 0.492712]"
piaranada,2017-06-29 19:19,duterte expects marawi clashes to be over in the next few days we are winning the war dont worry rapplerdotcom,"(['Philippines'], Location((12.7503486, 122.7312101, 0.0)))",en,0.265367,0.412181,0.265149,0.092463,0.036462,"['joy', 0.412181]"
manilabulletin,2017-06-29 19:18,duterte says he hopes marawi siege wont last another month  genkabiling,"(['Manila', ' Philippines'], Location((14.5906216, 120.9799696, 0.0)))",en,0.031802,0.345417,0.532742,0.078898,0.03576,"['sadness', 0.532742]"
rapplerdotcom,2017-06-29 19:12,duterte says he was told by psg not to make public where he will go tomorrow in yesterdays speech he said hes planning to go to marawi,"(['Philippines'], Location((12.7503486, 122.7312101, 0.0)))",en,0.245604,0.130381,0.500679,0.245438,0.103273,"['sadness', 0.500679]"
jheszavah,2017-06-29 19:09,lord please heal marawi,"(['Manila', ' Philippines'], Location((14.5906216, 120.9799696, 0.0)))",en,0.220331,0.066948,0.433282,0.166451,0.013763,"['sadness', 0.433282]"
dettsuuu,2017-06-29 19:08,picked up proofs of our books today well open preorders soon d profits of the book will go to efforts helping those in marawi,"(['Makati', ' Philippines'], Location((14.55459465, 121.021407905, 0.0)))",en,0.117377,0.64949,0.127354,0.077294,0.019146,"['joy', 0.64949]"
News5AKSYON,2017-06-29 19:04,pres duterte in marawi we got about 4 caucasianlooking arabs,"(['Philippines'], Location((12.7503486, 122.7312101, 0.0)))",en,0.132024,0.17532,0.202584,0.109434,0.073886,"['sadness', 0.202584]"
EagleNewsPH,2017-06-29 19:03,so in marawi we have four caucasianlooking people and several indonesians kasama sa mga pilipino na terorista this will not go out of,"(['Quezon City', 'Philippines'], Location((14.6509905, 121.0486155, 0.0)))",en,0.102858,0.136048,0.650765,0.099523,0.110446,"['sadness', 0.650765]"
chinogaston,2017-06-29 18:56,former maute hostage says isis linked militants play with their cellphones or go on facebook during lull in fighting in marawi city,"(['Philippines'], Location((12.7503486, 122.7312101, 0.0)))",en,0.259634,0.051726,0.364487,0.312527,0.147894,"['sadness', 0.364487]"
SonnyAngaraNews,2017-06-29 18:54,the presidents pledge of p20 b is a good start to rebuild marawi and its environ  sen sonny angara rebuildmarawihttp,"(['Republic of the Philippines'], Location((12.7503486, 122.7312101, 0.0)))",en,0.071073,0.569868,0.092438,0.060629,0.045416,"['joy', 0.569868]"
SonnyAngaraNews,2017-06-29 18:52,rt abscbnnews sen angara urges creation of a bangon marawi fund for the rehab of the city fund to be sourced from the calamity fund,"(['Republic of the Philippines'], Location((12.7503486, 122.7312101, 0.0)))",en,0.21031,0.111804,0.078485,0.077218,0.280569,"['disgust', 0.280569]"
Antifornicator,2017-06-29 18:51,paraphrase they should be sent to marawi so that tapang can be put to good use,"(['Makati', ' Philippines'], Location((14.55459465, 121.021407905, 0.0)))",en,0.103227,0.464921,0.074409,0.044653,0.052597,"['joy', 0.464921]"
_youknees,2017-06-29 18:41,amidst the crisis in marawi this has been the best news ive read so far pray for marawi,"(['Cebu', ' Philippines'], Location((10.45, 123.84, 0.0)))",en,0.036221,0.127183,0.217991,0.594337,0.250283,"['fear', 0.594337]"
DailyStarPH,2017-06-29 18:27,mandaluyong cops in viral video sent to marawi city  manila bulletin news ,"(['Republic of the Philippines'], Location((12.7503486, 122.7312101, 0.0)))",en,0.065181,0.043405,0.298001,0.057342,0.412819,"['disgust', 0.412819]"
EagleNewsPH,2017-06-29 18:22,17 more bodies of civilians five of them decapitated recovered from marawi scene of fighting ,"(['Quezon City', 'Philippines'], Location((14.6509905, 121.0486155, 0.0)))",en,0.218639,0.049385,0.146184,0.417794,0.225608,"['fear', 0.417794]"
PhilDefNews,2017-06-29 18:17,dela rosa admits law enforcement failure in marawi,"(['Manila', ' Philippines'], Location((14.5906216, 120.9799696, 0.0)))",en,0.101413,0.039252,0.348685,0.332046,0.354746,"['disgust', 0.354746]"
Visayanbizpost,2017-06-29 18:17,angara wants creation of trust fund for marawi rehab ,"(['Ormoc', ' Philippines'], Location((11.0094099, 124.6075767, 0.0)))",en,0.222884,0.163105,0.063416,0.052551,0.141448,"['anger', 0.222884]"
PhilDefNews,2017-06-29 18:16,scenes of destruction in marawi including some skeletal remains,"(['Manila', ' Philippines'], Location((14.5906216, 120.9799696, 0.0)))",en,0.468238,0.012378,0.256754,0.179424,0.061521,"['anger', 0.468238]"
PhilDefNews,2017-06-29 18:16,a feature by vice news of hbo on the war in marawi,"(['Manila', ' Philippines'], Location((14.5906216, 120.9799696, 0.0)))",en,0.129077,0.05433,0.356695,0.0808,0.140155,"['sadness', 0.356695]"
dawende,2017-06-29 18:15,agree with you it is like the philippine red cross having to prove that it is helping the displaced residents in the marawi crisiege,"(['Manila', ' Philippines'], Location((14.5906216, 120.9799696, 0.0)))",en,0.039625,0.552352,0.06756,0.036245,0.263712,"['joy', 0.552352]"
ABSCBNNews,2017-06-29 18:10,dpwh vows no repeat in marawi of yolanda rehab mistakes,"(['Manila', ' Philippines'], Location((14.5906216, 120.9799696, 0.0)))",en,0.281549,0.065941,0.439869,0.193582,0.062355,"['sadness', 0.439869]"
Manay_Judy,2017-06-29 18:08,latest marawi conflict impact update 80 evacuation centersare currently open with3469 familiesor 16117 persons in them,"(['Republic of the Philippines'], Location((12.7503486, 122.7312101, 0.0)))",en,0.076379,0.086502,0.274867,0.081808,0.014074,"['sadness', 0.274867]"
Manay_Judy,2017-06-29 18:07,latest update 84086 familiesor388073 personshave been displaced by the armed conflict in marawi city,"(['Republic of the Philippines'], Location((12.7503486, 122.7312101, 0.0)))",en,0.125516,0.095961,0.272079,0.389263,0.059308,"['fear', 0.389263]"
manilabulletin,2017-06-29 18:01,mandaluyong cops in viral video sent to marawi city  read befullyinformed,"(['Manila', ' Philippines'], Location((14.5906216, 120.9799696, 0.0)))",en,0.104144,0.129076,0.112313,0.180745,0.513636,"['disgust', 0.513636]"
ABSCBNNews,2017-06-29 18:00,civilian deaths in marawi up to 44 military marawiclashhttp,"(['Manila', ' Philippines'], Location((14.5906216, 120.9799696, 0.0)))",en,0.09086,0.016689,0.647391,0.323886,0.161256,"['sadness', 0.647391]"
philmonitor,2017-06-29 17:56,marawi crisis affecting investors confidence on mindanao  biz leader  via,"(['Republic of the Philippines'], Location((12.7503486, 122.7312101, 0.0)))",en,0.049602,0.158518,0.203214,0.575228,0.197467,"['fear', 0.575228]"
InqNational,2017-06-29 17:56, saychiz proposes trust fund for govt forces killed hurt in action via jldejesusinq marawi maute,"(['Manila', ' Philippines'], Location((14.5906216, 120.9799696, 0.0)))",en,0.277736,0.002228,0.641274,0.206688,0.213202,"['sadness', 0.641274]"
PIAalerts,2017-06-29 17:51,pia3pampanga president rodrigo duterte said that he welcomes international partners in rebuilding marawi city,"(['Philippines'], Location((12.7503486, 122.7312101, 0.0)))",en,0.082697,0.676919,0.117527,0.023174,0.008218,"['joy', 0.676919]"
TheManilaTimes,2017-06-29 17:50,dpwh chief vows quick rehab of marawi  the manila times online,"(['Philippines'], Location((12.7503486, 122.7312101, 0.0)))",en,0.125661,0.230872,0.305437,0.211805,0.08909,"['sadness', 0.305437]"
newspaperphcom,2017-06-29 17:47,watch female foreign journalist fearlessly enters marawi battle zone c,"(['Republic of the Philippines'], Location((12.7503486, 122.7312101, 0.0)))",en,0.05619,0.092518,0.446897,0.18032,0.421782,"['sadness', 0.446897]"
TheManilaTimes,2017-06-29 17:47,escudero angara seek trust fund for soldiers cops marawi rehab  the manila times online,"(['Philippines'], Location((12.7503486, 122.7312101, 0.0)))",en,0.168105,0.125467,0.122644,0.238713,0.467203,"['disgust', 0.467203]"
snippetmedia,2017-06-29 17:45,afp hopeful for marawi clashes to over pres duterte will address this for the upcoming sona in july,"(['Philippines'], Location((12.7503486, 122.7312101, 0.0)))",en,0.094311,0.072051,0.266856,0.082465,0.03937,"['sadness', 0.266856]"
PatrickValisno,2017-06-29 17:44,what do you think that isis were in marawi during the war,"(['Republic of the Philippines'], Location((12.7503486, 122.7312101, 0.0)))",en,0.376237,0.012565,0.330622,0.310769,0.310909,"['anger', 0.376237]"
Jimsooned,2017-06-29 17:38,off to marawi,"(['Republic of the Philippines'], Location((12.7503486, 122.7312101, 0.0)))",en,0.0,0.0,0.0,0.0,0.0,"['anger', 0.0]"
EagleNewsPH,2017-06-29 17:28,phl military investigating 10 indonesian passports recovered in marawi city battle site ,"(['Quezon City', 'Philippines'], Location((14.6509905, 121.0486155, 0.0)))",en,0.041259,0.038547,0.210368,0.444925,0.030631,"['fear', 0.444925]"
yancytrinidad,2017-06-29 17:26,giving out food and clothes to our brothers and sisters from marawi,"(['\xe2\x99\x9aPhilippines'], Location((12.7503486, 122.7312101, 0.0)))",en,0.22676,0.251925,0.103254,0.056402,0.202273,"['joy', 0.251925]"
rapplerdotcom,2017-06-29 17:21,watch dela rosa admits law enforcement failure in marawi full story,"(['Philippines'], Location((12.7503486, 122.7312101, 0.0)))",en,0.075435,0.119243,0.353397,0.270397,0.438893,"['disgust', 0.438893]"
ABSCBNNews,2017-06-29 17:20,honasan calls for political unity as marawi fighting rages,"(['Manila', ' Philippines'], Location((14.5906216, 120.9799696, 0.0)))",en,0.639523,0.061078,0.130804,0.032387,0.175025,"['anger', 0.639523]"
DailyStarPH,2017-06-29 17:18,biz leader says marawi crisis to affect investors confidence in mindanao  manila bulletin news  d9,"(['Republic of the Philippines'], Location((12.7503486, 122.7312101, 0.0)))",en,0.081276,0.111944,0.349965,0.487916,0.219059,"['fear', 0.487916]"
MarionDerckx,2017-06-29 17:15,vp robredo shared her experience of her recent talks w marawi eye witnesses worrisome situation that deserves our attention,"(['Republic of the Philippines'], Location((12.7503486, 122.7312101, 0.0)))",en,0.042682,0.019424,0.157845,0.17449,0.260049,"['disgust', 0.260049]"
ANCALERTS,2017-06-29 17:15,dpwh vows no repeat in marawi of yolanda rehab mistakes marawiclashhttp,"(['Philippines'], Location((12.7503486, 122.7312101, 0.0)))",en,0.281549,0.065941,0.439869,0.193582,0.062355,"['sadness', 0.439869]"
nestgianan,2017-06-29 17:07,marawi youre still in my thoughts and prayers,"(['Quezon City', ' NCR', ' Philippines'], Location((14.6509905, 121.0486155, 0.0)))",en,0.036157,0.162495,0.728631,0.170766,0.008355,"['sadness', 0.728631]"
salinlahiphils,2017-06-29 17:06,children of marawi suffer from trauma due to airstrikes,"(['Philippines'], Location((12.7503486, 122.7312101, 0.0)))",en,0.070994,0.006522,0.698658,0.452938,0.024922,"['sadness', 0.698658]"
NinioCalle13,2017-06-29 17:02,some police with the wrong mindset thinks pdu30 unclassified support is license to abuse they shld be terminated not sent to sulu of marawi,"(['Philippines'], Location((12.7503486, 122.7312101, 0.0)))",en,0.190748,0.000613,0.319071,0.201062,0.650308,"['disgust', 0.650308]"
pilo_fpacpaco,2017-06-29 17:01,thank you sen sonnyangara for supporting marawi city crisis victims by calling the government to ensure more funds for them rebuildmarawi,"(['National Capital Region', ' Republic of the Philippines'], Location((14.5736108, 121.0329706, 0.0)))",en,0.063802,0.024717,0.102339,0.029533,0.57763,"['disgust', 0.57763]"
chinogaston,2017-06-29 17:01,boxes of ammunition recovered overrun maute strongholds inside marawi,"(['Philippines'], Location((12.7503486, 122.7312101, 0.0)))",en,0.041566,0.048934,0.160697,0.178923,0.03601,"['fear', 0.178923]"
fiestasaquiapo,2017-06-29 16:52,eid alfitr in manila muslims pray for marawi as ramadan ends  abscbn news,"(['Republic of the Philippines'], Location((12.7503486, 122.7312101, 0.0)))",en,0.092619,0.0861,0.607834,0.246268,0.221239,"['sadness', 0.607834]"
valenzuelacity,2017-06-29 16:46,help us donate basic survival and hygiene kits to the evacueefamilies from marawi city we are raising funds for,"(['Valenzuela City', ' Philippines'], Location((37.7751808, -4.220174, 0.0)))",en,0.067425,0.305488,0.067064,0.022253,0.11935,"['joy', 0.305488]"
PHILAlerts,2017-06-29 16:45,typhoon news afp declares 8hour ceasefire in marawi ,"(['Philippines'], Location((12.7503486, 122.7312101, 0.0)))",en,0.08799,0.15368,0.361798,0.169265,0.169565,"['sadness', 0.361798]"
philmonitor,2017-06-29 16:45,wounded soldiers eager to return to marawi  via,"(['Republic of the Philippines'], Location((12.7503486, 122.7312101, 0.0)))",en,0.112367,0.072758,0.547905,0.207501,0.256513,"['sadness', 0.547905]"
mapmakerdavid,2017-06-29 16:44,marawi crisis in ph online hub and situationer map here,"(['Philippines'], Location((12.7503486, 122.7312101, 0.0)))",en,0.071945,0.023484,0.068619,0.343849,0.06817,"['fear', 0.343849]"
philredcross,2017-06-29 16:38,aiding displaced families in remote areas outside marawi helpmarawi  via d,"(['Philippines'], Location((12.7503486, 122.7312101, 0.0)))",en,0.013579,0.205313,0.152112,0.094313,0.123948,"['joy', 0.205313]"
lynvgarcia,2017-06-29 16:38,aiding displaced families in remote areas outside marawi helpmarawi  via 8,"(['Republic of the Philippines'], Location((12.7503486, 122.7312101, 0.0)))",en,0.013579,0.205313,0.152112,0.094313,0.123948,"['joy', 0.205313]"
ANCALERTS,2017-06-29 16:29,a humanitarian crisis marawi evacuees face dire conditions in their temporary shelters ,"(['Philippines'], Location((12.7503486, 122.7312101, 0.0)))",en,0.100326,0.047555,0.350139,0.474971,0.246367,"['fear', 0.474971]"
CoconutsManila,2017-06-29 16:18,beheaded civilians found in marawi,"(['Metro Manila', ' Philippines'], Location((14.5736108, 121.0329706, 0.0)))",en,0.071953,0.160989,0.229155,0.172569,0.225117,"['sadness', 0.229155]"
ANCALERTS,2017-06-29 16:12,petronio were working to alleviate suffering of victims of conflict we have been working in marawi before the clashes marawiclash,"(['Philippines'], Location((12.7503486, 122.7312101, 0.0)))",en,0.16296,0.027812,0.861413,0.050784,0.053101,"['sadness', 0.861413]"
ANCALERTS,2017-06-29 16:10,now constantkc speaks with roberto petronio on the state of the marawi evacuees,"(['Philippines'], Location((12.7503486, 122.7312101, 0.0)))",en,0.153978,0.129619,0.228159,0.144169,0.152537,"['sadness', 0.228159]"
kkKkrizzachange,2017-06-29 16:09,uy rehabilitation for marawi city capstone,"(['Philippines'], Location((12.7503486, 122.7312101, 0.0)))",en,0.07184,0.189157,0.163373,0.079174,0.060941,"['joy', 0.189157]"
Storekeeper14,2017-06-29 16:01,up summa cum laude graduate arman ali ghodsinia speaks to movephs voltaire tupaz about the people of marawi  their plight and aspirations,"(['Boracay Philippines'], Location((11.9687199, 121.923918, 0.0)))",en,0.099952,0.19549,0.196373,0.05074,0.189072,"['sadness', 0.196373]"
rapplerdotcom,2017-06-29 15:51,arman describes the people of marawi theyre really proud of their culture and roots,"(['Philippines'], Location((12.7503486, 122.7312101, 0.0)))",en,0.01342,0.777195,0.086036,0.041259,0.117438,"['joy', 0.777195]"
Rina20813105,2017-06-29 15:50,thank you sen for remembering the people of marawi rest assured that prrd will never forget to allot huge budget for the people of marawi,"(['Republic of the Philippines'], Location((12.7503486, 122.7312101, 0.0)))",en,0.109105,0.43438,0.222061,0.034486,0.267223,"['joy', 0.43438]"
rapplerdotcom,2017-06-29 15:44,live on rapplertalk arman ali ghodsinia up summa cum laude from marawi on breaking barriers pushing for peace,"(['Philippines'], Location((12.7503486, 122.7312101, 0.0)))",en,0.111276,0.341914,0.49537,0.129857,0.039363,"['sadness', 0.49537]"
DanSantos8,2017-06-29 15:37,one might as well be describing marawi pray for marawi,"(['Republic of the Philippines'], Location((12.7503486, 122.7312101, 0.0)))",en,0.048398,0.139778,0.314183,0.359901,0.099945,"['fear', 0.359901]"
JaneTheRaven13,2017-06-29 15:37,im sure naay poor marawi refugees who need help pero based on experiences of volunteers i know daghan ang welltodo nga opportunists,"(['Philippines'], Location((12.7503486, 122.7312101, 0.0)))",en,0.081176,0.114667,0.528686,0.294429,0.102985,"['sadness', 0.528686]"
inquirer_libre,2017-06-29 15:36,dpwh secretary vows faster marawi rehabilitation,"(['Philippines'], Location((12.7503486, 122.7312101, 0.0)))",en,0.083724,0.207395,0.149789,0.068493,0.083308,"['joy', 0.207395]"
OfficialTFCA,2017-06-29 15:36,tfca gives to marawi city victims via the san juan division office,"(['San Juan', ' Ph'], Location((18.38423905, -66.0534399736, 0.0)))",en,0.062054,0.1562,0.397042,0.130159,0.257866,"['sadness', 0.397042]"
Joya_yah,2017-06-29 15:34,hope marawi clash ends soon please please,"(['Philippines'], Location((12.7503486, 122.7312101, 0.0)))",en,0.0896,0.032242,0.326664,0.423532,0.076206,"['fear', 0.423532]"
ANCALERTS,2017-06-29 15:34,more than 400 dead in marawi crisis marawiclashhttp,"(['Philippines'], Location((12.7503486, 122.7312101, 0.0)))",en,0.142714,0.001712,0.426055,0.48065,0.320843,"['fear', 0.48065]"
mikeligalig,2017-06-29 15:24,live video courtesy of vice news hbo urban assault marawi from afp will rise fb page,"(['Bohol', ' Philippines'], Location((9.833333, 124.1615579, 0.0)))",en,0.106204,0.239677,0.255691,0.178578,0.428604,"['disgust', 0.428604]"
rapplerdotcom,2017-06-29 15:22,pnp is also reportedly considering sending the 2 errant cops to marawi where govt troops are battling terrorists,"(['Philippines'], Location((12.7503486, 122.7312101, 0.0)))",en,0.299221,0.022859,0.599015,0.249439,0.149378,"['sadness', 0.599015]"
Joe_Romantico,2017-06-29 15:20,a song for our fallen brothers  sisters in marawi and to the fallen heroes our filipino soldiers pnp who,"(['Cagayan De Oro', ' Philippines'], Location((8.42980265, 124.682410212, 0.0)))",en,0.066133,0.697064,0.140679,0.059519,0.074606,"['joy', 0.697064]"
gangbadoy,2017-06-29 15:18,if you only have 4 minutes to spare today spend them here click listen to a young man from marawi speak his truth tabitayo,"(['Manila', ' Philippines'], Location((14.5906216, 120.9799696, 0.0)))",en,0.127604,0.432379,0.400475,0.055167,0.050435,"['joy', 0.432379]"
AkoyIsangMuslim,2017-06-29 15:16,inside the war zone of marawi 82,"(['Philippines'], Location((12.7503486, 122.7312101, 0.0)))",en,0.190492,0.087267,0.275541,0.284685,0.084724,"['fear', 0.284685]"
manilabulletin,2017-06-29 15:15,afp spokesman brig gen restituto padilla holds press briefing at camp aguinaldo qc to give an update on marawi siege ,"(['Manila', ' Philippines'], Location((14.5906216, 120.9799696, 0.0)))",en,0.152674,0.128599,0.183732,0.137115,0.079709,"['sadness', 0.183732]"
gmanews,2017-06-29 15:11,honasan to afp stop setting unrealistic deadlines in ridding marawi of maute bandits,"(['Philippines'], Location((12.7503486, 122.7312101, 0.0)))",en,0.344448,0.046529,0.115256,0.452773,0.369292,"['fear', 0.452773]"
PHLNewsOnline,2017-06-29 15:04,news5 amid war in marawi asian giant embraced by du30 and superpower he ditched both d,"(['Philippines'], Location((12.7503486, 122.7312101, 0.0)))",en,0.175078,0.266013,0.441751,0.177083,0.007368,"['sadness', 0.441751]"
AksyonTV,2017-06-29 15:03,amid war in marawi asian giant embraced by du30 and superpower he ditched both extend aid 2,"(['TV5', ' Philippines'], Location((47.8967217, 106.887564062, 0.0)))",en,0.111652,0.321227,0.360853,0.201218,0.015453,"['sadness', 0.360853]"
PBSPorg,2017-06-29 15:01,megawidebuilds through megawide foundation turns over its cash and in kind donations to pbsp for about 200 victims of the marawi conflict,"(['Philippines'], Location((12.7503486, 122.7312101, 0.0)))",en,0.159595,0.141502,0.529966,0.049431,0.217746,"['sadness', 0.529966]"
gmanews,2017-06-29 15:01,dpwh vows quick marawi rehab no repeat of yolanda mistakes,"(['Philippines'], Location((12.7503486, 122.7312101, 0.0)))",en,0.214456,0.123364,0.392663,0.16596,0.062202,"['sadness', 0.392663]"
MukhaTV,2017-06-29 15:00,jeff canoy gives us an inside look into reporting on the crisis in marawi watch this marawiclash mukhatv 2,"(['Philippines'], Location((12.7503486, 122.7312101, 0.0)))",en,0.147736,0.163644,0.122058,0.138413,0.336336,"['disgust', 0.336336]"
Panay_News,2017-06-29 14:59,china donates p15m for relief rehab of marawi d,"(['Pavia', ' Iloilo', ' Philippines'], Location((45.1860043, 9.1546375, 0.0)))",en,0.015972,0.244881,0.040451,0.128423,0.018301,"['joy', 0.244881]"
KawalPH,2017-06-29 14:57,philippine navy for marawi supportourtroops d1,"(['Manila', 'Philippines'], Location((14.5906216, 120.9799696, 0.0)))",en,0.08686,0.174219,0.151545,0.093654,0.072945,"['joy', 0.174219]"
radyopilipinas1,2017-06-29 14:51,dswd sends 500 food packs for marawi victims on board brp pampanga,"(['Quezon City', ' Philippines'], Location((14.6509905, 121.0486155, 0.0)))",en,0.226483,0.049307,0.458116,0.100301,0.425,"['sadness', 0.458116]"
PhilippineStar,2017-06-29 14:50,the decapitated bodies of five civilians have been found in marawi city 1,"(['Philippines'], Location((12.7503486, 122.7312101, 0.0)))",en,0.157669,0.208105,0.103545,0.195295,0.051094,"['joy', 0.208105]"
chinogaston,2017-06-29 14:49,marawi residents padlock their stores after clearing operations by pnp and afp personnel u,"(['Philippines'], Location((12.7503486, 122.7312101, 0.0)))",en,0.083173,0.219826,0.035505,0.061483,0.164895,"['joy', 0.219826]"
philmonitor,2017-06-29 14:47,viral now heartwarming photo of marawi soldier accompanied with cat  via philmonitor,"(['Republic of the Philippines'], Location((12.7503486, 122.7312101, 0.0)))",en,0.043122,0.322211,0.169023,0.277483,0.173202,"['joy', 0.322211]"
DanSantos8,2017-06-29 14:44,dela rosa admits law enforcement failure in marawi batobatopik nothing good comes out of ur mouth if u cant do ur job resign,"(['Republic of the Philippines'], Location((12.7503486, 122.7312101, 0.0)))",en,0.204055,0.014842,0.2599,0.333261,0.497707,"['disgust', 0.497707]"
baretangbikol,2017-06-29 14:28,afp rape threats exist in marawi according to gabriela they cannot disclose the identities of the victims to the,"(['Bicol', ' Philippines'], Location((13.100588, 123.523133109, 0.0)))",en,0.232478,0.00379,0.090658,0.633891,0.425551,"['fear', 0.633891]"
dzrhnews,2017-06-29 14:28,president duterte vows to make marawi a prosperous city once again  themindanaohour,"(['Manila', ' Philippines'], Location((14.5906216, 120.9799696, 0.0)))",en,0.124238,0.350517,0.126869,0.043729,0.148111,"['joy', 0.350517]"
ANCALERTS,2017-06-29 14:12,the joint task force marawi says the death toll from the marawiclash has risen to over 400 rongagalac,"(['Philippines'], Location((12.7503486, 122.7312101, 0.0)))",en,0.294558,0.009411,0.45047,0.391049,0.185631,"['sadness', 0.45047]"
CoachJMPederi,2017-06-29 14:12,thank you everyone who contributed to our drive for marawi we already have accummulated 47 bags of vitameal our,"(['Manila', ' Philippines'], Location((14.5906216, 120.9799696, 0.0)))",en,0.115535,0.686272,0.087194,0.017561,0.040545,"['joy', 0.686272]"
PTVph,2017-06-29 14:10,news dpwh chief master plan for marawi rehabilitation in the works  via pnagovph,"(['Philippines'], Location((12.7503486, 122.7312101, 0.0)))",en,0.126789,0.188401,0.187287,0.425508,0.091865,"['fear', 0.425508]"
PhilstarNews,2017-06-29 14:04,govt preparing p20b marawi rehab master plan marawiupdates,"(['Manila', ' Philippines'], Location((14.5906216, 120.9799696, 0.0)))",en,0.137515,0.074301,0.196249,0.117067,0.065127,"['sadness', 0.196249]"
loren_legarda,2017-06-29 14:03,rappler talk up summa cum laude from marawi on breaking barriers pushing for peace,"(['Philippines'], Location((12.7503486, 122.7312101, 0.0)))",en,0.184657,0.212276,0.536692,0.20207,0.03689,"['sadness', 0.536692]"
PHLNewsOnline,2017-06-29 14:03,gma news honasan to afp stop setting unrealistic deadlines in ridding marawi of maute,"(['Philippines'], Location((12.7503486, 122.7312101, 0.0)))",en,0.237471,0.039067,0.213627,0.452804,0.418364,"['fear', 0.452804]"
PIADesk,2017-06-29 14:00,prrd vows to make marawi a prosperous city once again during the celebration of eidl fitr at the malacaang palace yesterday,"(['Philippines'], Location((12.7503486, 122.7312101, 0.0)))",en,0.035655,0.615896,0.167115,0.032161,0.049473,"['joy', 0.615896]"
dlszobel,2017-06-29 13:59,br armin luistro fsc seeks support for the teachers of marawi and neighboring towns read,"(['Muntinlupa City', ' Philippines'], Location((14.3940614, 121.0410436, 0.0)))",en,0.032431,0.780689,0.031256,0.042229,0.107824,"['joy', 0.780689]"
piahontiveros,2017-06-29 13:50,do you have questions for the mayor of marawi send them in,"(['Manila', ' Philippines'], Location((14.5906216, 120.9799696, 0.0)))",en,0.099755,0.08234,0.093021,0.070013,0.047099,"['anger', 0.099755]"
rolandgilbert28,2017-06-29 13:44,i liked a youtube video when social media can help marawi city war,"(['Philippines'], Location((12.7503486, 122.7312101, 0.0)))",en,0.099341,0.155786,0.198265,0.050728,0.073555,"['sadness', 0.198265]"
marlonmagtira,2017-06-29 13:41,hbo presents a closer look at marawi armed conflict,"(['Philippines'], Location((12.7503486, 122.7312101, 0.0)))",en,0.059376,0.220971,0.092284,0.334848,0.166723,"['fear', 0.334848]"
Ishmael_Ahab,2017-06-29 13:38,send hugs to the children of marawi,"(['Manila', ' Philippines'], Location((14.5906216, 120.9799696, 0.0)))",en,0.026497,0.362395,0.248704,0.092486,0.078901,"['joy', 0.362395]"
maracepeda,2017-06-29 13:34,in photos death and destruction in banggolo heart of marawi,"(['Manila', ' Philippines'], Location((14.5906216, 120.9799696, 0.0)))",en,0.255226,0.021248,0.728903,0.229684,0.021413,"['sadness', 0.728903]"
MlaStandard,2017-06-29 13:32,mstopnews duterte marks 1st year with visit to marawi read the full story 2,"(['Manila', ' Philippines'], Location((14.5906216, 120.9799696, 0.0)))",en,0.021089,0.639186,0.172848,0.053752,0.121984,"['joy', 0.639186]"
LOCALNEWSNgayon,2017-06-29 13:21,honasan to afp stop setting unrealistic deadlines in ridding marawi of maute bandits  read via gma news,"(['Philippines'], Location((12.7503486, 122.7312101, 0.0)))",en,0.06809,0.087918,0.200755,0.485701,0.473147,"['fear', 0.485701]"
dswdserves,2017-06-29 13:14,latest relief ops update for families affected by the marawi armed conflict secjudy,"(['Quezon City', ' Philippines'], Location((14.6509905, 121.0486155, 0.0)))",en,0.069458,0.071025,0.296365,0.521244,0.026743,"['fear', 0.521244]"
lynredw,2017-06-29 13:12,authorized to collect money for marawithey were scammers,"(['Republic of the Philippines'], Location((12.7503486, 122.7312101, 0.0)))",en,0.171196,0.169445,0.163549,0.128523,0.260838,"['disgust', 0.260838]"
LOCALNEWSNgayon,2017-06-29 13:11,dpwh vows quick marawi rehab no repeat of yolanda mistakes  read via gma news,"(['Philippines'], Location((12.7503486, 122.7312101, 0.0)))",en,0.068598,0.168008,0.471441,0.307371,0.186228,"['sadness', 0.471441]"
rcarmell0,2017-06-29 13:10,duterte plans to visit marawi soon,"(['Republic of the Philippines'], Location((12.7503486, 122.7312101, 0.0)))",en,0.053128,0.096227,0.087449,0.168132,0.031038,"['fear', 0.168132]"
VoltaireTupaz,2017-06-29 13:07,on rappler talk up summa cum laude from marawi on breaking barriers pushing for peace join us at 330 pm,"(['Philippines'], Location((12.7503486, 122.7312101, 0.0)))",en,0.106454,0.455771,0.313588,0.179728,0.018242,"['joy', 0.455771]"
MlaStandard,2017-06-29 13:05,jittery linemen repair marawis damaged electric posts,"(['Manila', ' Philippines'], Location((14.5906216, 120.9799696, 0.0)))",en,0.225396,0.06033,0.472499,0.070858,0.217411,"['sadness', 0.472499]"
jeffcaparas,2017-06-29 13:03,bleeding marawi city  a look inside geound zero after more than a month of battle,"(['Quezon City', ' Philippines'], Location((14.6509905, 121.0486155, 0.0)))",en,0.194097,0.081517,0.497902,0.160269,0.092875,"['sadness', 0.497902]"
Manay_Judy,2017-06-29 13:01,we need to work together and with compassion so we can help our kababayans severely affected by the armed conflict in marawi,"(['Republic of the Philippines'], Location((12.7503486, 122.7312101, 0.0)))",en,0.074037,0.09618,0.520151,0.309111,0.094026,"['sadness', 0.520151]"
dzrhnews,2017-06-29 13:00,philippine muslims fear marawi fighting may deepen communal discord read,"(['Manila', ' Philippines'], Location((14.5906216, 120.9799696, 0.0)))",en,0.02338,0.023017,0.031193,0.926508,0.11745,"['fear', 0.926508]"
vicarsarte,2017-06-29 12:58,we are one family not just society but the whole humanity 1john31 marawi needs not prayers but doers obeying mat253540 duterte,"(['Chuuk', ' FSM & Manila', ' PH'], Location((7.4393793, 151.8515538, 0.0)))",en,0.182009,0.1641,0.360092,0.081203,0.37928,"['disgust', 0.37928]"
BongPhillips555,2017-06-29 12:41,marawi siege scout rangers lead the way inch by inch house by house we will never forget your valor and sacrifice c,"(['Republic of the Philippines'], Location((12.7503486, 122.7312101, 0.0)))",en,0.06905,0.153916,0.482846,0.261043,0.202185,"['sadness', 0.482846]"
PHLNewsOnline,2017-06-29 12:41,inquirer look first images from barangay bangolo in marawi city,"(['Philippines'], Location((12.7503486, 122.7312101, 0.0)))",en,0.021253,0.48877,0.088172,0.030884,0.311964,"['joy', 0.48877]"
ellobofilipino,2017-06-29 12:39,for meranaws marawi is home via xavierateneo,"(['Quezon City', ' Philippines'], Location((14.6509905, 121.0486155, 0.0)))",en,0.018849,0.314467,0.217854,0.408447,0.184542,"['fear', 0.408447]"
bcdluna,2017-06-29 12:36,no room for symbolism the brave men and women covering the marawi crisis via reddithttps,"(['Metro Manila', ' Philippines'], Location((14.5736108, 121.0329706, 0.0)))",en,0.013619,0.285167,0.218146,0.176991,0.489857,"['disgust', 0.489857]"
fiestasaquiapo,2017-06-29 12:27,philippine muslims fear marawi fighting may deepen communal discord  business insider,"(['Republic of the Philippines'], Location((12.7503486, 122.7312101, 0.0)))",en,0.034259,0.029433,0.025013,0.909902,0.072635,"['fear', 0.909902]"
manilabulletin,2017-06-29 12:20,look situation at barangay bangolo marawi city photo by zia alonto adiong spokesperson of the lanao del sur pcmc,"(['Manila', ' Philippines'], Location((14.5906216, 120.9799696, 0.0)))",en,0.046528,0.578698,0.182686,0.049395,0.124491,"['joy', 0.578698]"
MindanaoGSD,2017-06-29 12:06,police find ammunition for marawi in warehouse mindanaogoldstardaily goldstardailynews mindanaogsdhttp,"(['Mindanao', ' Philippines'], Location((7.68980415, 125.236399692, 0.0)))",en,0.152765,0.063458,0.139875,0.391176,0.313255,"['fear', 0.391176]"
manilabulletin,2017-06-29 12:04,look govt workers retrieved bodies of civilians reportedly killed by the maute group  afp joint task force marawi  u,"(['Manila', ' Philippines'], Location((14.5906216, 120.9799696, 0.0)))",en,0.422659,0.004639,0.480303,0.220987,0.176271,"['sadness', 0.480303]"
MindanaoGSD,2017-06-29 12:04,ngcp donates 200 relief packs to marawi evacuees mindanaogoldstardaily goldstardailynews mindanaogsdhttp,"(['Mindanao', ' Philippines'], Location((7.68980415, 125.236399692, 0.0)))",en,0.052575,0.202641,0.050794,0.192409,0.016106,"['joy', 0.202641]"
philmonitor,2017-06-29 12:03,authorities recover 10 foreign passports in marawi allegedly owned by indonesian fighters  via philmonitor,"(['Republic of the Philippines'], Location((12.7503486, 122.7312101, 0.0)))",en,0.023151,0.052572,0.151929,0.398036,0.284196,"['fear', 0.398036]"
rapplerdotcom,2017-06-29 12:02,photos of death and destruction in banggolo the heart of marawi city occupied by terrorists for over a month now  via,"(['Philippines'], Location((12.7503486, 122.7312101, 0.0)))",en,0.160197,0.018905,0.705495,0.333499,0.07449,"['sadness', 0.705495]"
rapplerdotcom,2017-06-29 12:00,marawi update according to palace 44 civilians killed 303 terrorists killed 75 govt casualties mindanaohour  via piaranada,"(['Philippines'], Location((12.7503486, 122.7312101, 0.0)))",en,0.313529,0.006542,0.554302,0.30683,0.138436,"['sadness', 0.554302]"
LycaSarenas,2017-06-29 11:58,who were involved in drafting the master plan of marawi were idps consulted,"(['Davao City', ' Philippines'], Location((7.22650725, 125.454887691, 0.0)))",en,0.142959,0.209739,0.047086,0.061945,0.071351,"['joy', 0.209739]"
philmonitor,2017-06-29 11:57,mustsee barangay bangolo marawi citys present look captured in photos  via philmonitor,"(['Republic of the Philippines'], Location((12.7503486, 122.7312101, 0.0)))",en,0.01768,0.758163,0.038269,0.060978,0.083824,"['joy', 0.758163]"
lynvgarcia,2017-06-29 11:53,red cross trains volunteers for retrieval of bodies in marawi helpmarawi  via abscbnnews,"(['Republic of the Philippines'], Location((12.7503486, 122.7312101, 0.0)))",en,0.053999,0.483666,0.080471,0.145096,0.299096,"['joy', 0.483666]"
ANCALERTS,2017-06-29 11:52,banaag the president wants to celebrate first year in office in marawi  via piagutierrez,"(['Philippines'], Location((12.7503486, 122.7312101, 0.0)))",en,0.023939,0.705776,0.126332,0.033686,0.127156,"['joy', 0.705776]"
PhilippineStar,2017-06-29 11:50,banaag the president wishes to be in marawi sked is still tentative duterteyear1,"(['Philippines'], Location((12.7503486, 122.7312101, 0.0)))",en,0.142734,0.150634,0.59535,0.105338,0.171599,"['sadness', 0.59535]"
rock_hurd,2017-06-29 11:49,while our soldiers and police is protecting marawi,"(['Republic of the Philippines'], Location((12.7503486, 122.7312101, 0.0)))",en,0.054636,0.036982,0.181878,0.290477,0.632387,"['disgust', 0.632387]"
manilabulletin,2017-06-29 11:49,banaag says president duterte may visit marawi to mark his first year in office tom  via genkabiling live,"(['Manila', ' Philippines'], Location((14.5906216, 120.9799696, 0.0)))",en,0.036294,0.489199,0.167441,0.107788,0.204431,"['joy', 0.489199]"
pia_gutierrez,2017-06-29 11:48,banaag the president wants to celebrate first year in office in marawi,"(['Quezon City', ' Philippines'], Location((14.6509905, 121.0486155, 0.0)))",en,0.043758,0.711606,0.109351,0.019313,0.094689,"['joy', 0.711606]"
piaranada,2017-06-29 11:47,marawi update according to palace 44 civilians killed 303 terrorists killed 75 govt casualties rapplerdotcom mindanaohour,"(['Philippines'], Location((12.7503486, 122.7312101, 0.0)))",en,0.406378,0.00508,0.522072,0.245991,0.1114,"['sadness', 0.522072]"
PhilippineStar,2017-06-29 11:47,asec banaag gives updates on marawi govt troops have recovered 17 decomposing bodies believed executed by maute civilian death toll 44,"(['Philippines'], Location((12.7503486, 122.7312101, 0.0)))",en,0.116213,0.022463,0.662386,0.189904,0.122286,"['sadness', 0.662386]"
pr1ncegolez,2017-06-29 11:47,presidential communications office assistant secretary marie banaag gives updates on the marawi situation,"(['Senate of the Philippines'], Location((14.5472655, 120.98448771, 0.0)))",en,0.072791,0.150766,0.155146,0.122858,0.10407,"['sadness', 0.155146]"
manilabulletin,2017-06-29 11:47,look latest updates on the marawi crisis  via argyllcyrusmb live c,"(['Manila', ' Philippines'], Location((14.5906216, 120.9799696, 0.0)))",en,0.051494,0.084324,0.341532,0.525048,0.136246,"['fear', 0.525048]"
ABSCBNNews,2017-06-29 11:47,look civilian casualties of the marawi crisis now at 44 up from yesterdays 27 killed  via piagutierrez,"(['Manila', ' Philippines'], Location((14.5906216, 120.9799696, 0.0)))",en,0.147043,0.019301,0.412501,0.462417,0.312114,"['fear', 0.462417]"
xtinamen,2017-06-29 11:47,asec banaag gives updates on marawi govt troops have recovered 17 decomposing bodies believed executed by maute civilian death toll 44,"(['manila', ' ph'], Location((14.5906216, 120.9799696, 0.0)))",en,0.116213,0.022463,0.662386,0.189904,0.122286,"['sadness', 0.662386]"
manilabulletin,2017-06-29 11:45,pco asec banaag 44 civilians killed by terrorists in marawi  via genkabiling live,"(['Manila', ' Philippines'], Location((14.5906216, 120.9799696, 0.0)))",en,0.226666,0.0112,0.428666,0.50215,0.212231,"['fear', 0.50215]"
gmanews,2017-06-29 11:45,marawi update june 28 6 pm civilians killed 44 rescued 1711 terrorists killed 303 recovered firearms 362 govt casualties 75,"(['Philippines'], Location((12.7503486, 122.7312101, 0.0)))",en,0.110137,0.002296,0.618338,0.351763,0.098928,"['sadness', 0.618338]"
dzrhnews,2017-06-29 11:45,villar masterplan for p20b marawi rehabilitation ongoing,"(['Manila', ' Philippines'], Location((14.5906216, 120.9799696, 0.0)))",en,0.08686,0.172989,0.151545,0.103433,0.072945,"['joy', 0.172989]"
pia_gutierrez,2017-06-29 11:45,look civilian casualties of the marawi crisis now at 44 up from yesterdays 27 killed d,"(['Quezon City', ' Philippines'], Location((14.6509905, 121.0486155, 0.0)))",en,0.224792,0.016123,0.418282,0.407033,0.268453,"['sadness', 0.418282]"
franz_fms,2017-06-29 11:44,retweeted gma news  gmanews villar we are preparing for a master plan regarding the marawi rehabilitation,"(['Republic of the Philippines'], Location((12.7503486, 122.7312101, 0.0)))",en,0.080495,0.137919,0.044862,0.126207,0.050794,"['joy', 0.137919]"
ipcigaral,2017-06-29 11:44,situation in marawi as of june 28,"(['Republic of the Philippines'], Location((12.7503486, 122.7312101, 0.0)))",en,0.013931,0.105365,0.36538,0.254924,0.155686,"['sadness', 0.36538]"
dzrhnews,2017-06-29 11:44,villar we are ready for marawi rehabilitation  rh07 kahenrydzrh,"(['Manila', ' Philippines'], Location((14.5906216, 120.9799696, 0.0)))",en,0.058568,0.524283,0.078487,0.101683,0.021095,"['joy', 0.524283]"
arpeelazaro,2017-06-29 11:42,help for marawi,"(['Makati City', ' Philippines'], Location((14.5591272, 121.0202094, 0.0)))",en,0.008396,0.269509,0.073222,0.025672,0.000911,"['joy', 0.269509]"
manilabulletin,2017-06-29 11:40,villar says initial p20b for marawi rehab a good amount to rebuild the city  via genkabiling live,"(['Manila', ' Philippines'], Location((14.5906216, 120.9799696, 0.0)))",en,0.027141,0.603745,0.210362,0.080831,0.065143,"['joy', 0.603745]"
bworldph,2017-06-29 11:38,villar on damages from marawi clashes we have pictures but we cant give exact assessment because we cannot enter the city  via ipcigaral,"(['Philippines'], Location((12.7503486, 122.7312101, 0.0)))",en,0.126079,0.069203,0.618362,0.1404,0.176068,"['sadness', 0.618362]"
ANCALERTS,2017-06-29 11:38,villar we are focused on upgrading evacuation facilities preparing masterplan for marawi rehab live c2,"(['Philippines'], Location((12.7503486, 122.7312101, 0.0)))",en,0.019608,0.456174,0.113164,0.090609,0.030662,"['joy', 0.456174]"
manilabulletin,2017-06-29 11:38,villar says damage more in central part of marawi city based on photos  via genkabiling live,"(['Manila', ' Philippines'], Location((14.5906216, 120.9799696, 0.0)))",en,0.047265,0.174667,0.673299,0.116245,0.10161,"['sadness', 0.673299]"
rapplerdotcom,2017-06-29 11:37,dpwh chief mark villar we are preparing marawi rehabilitation masterplan  via piaranada,"(['Philippines'], Location((12.7503486, 122.7312101, 0.0)))",en,0.146633,0.112416,0.286948,0.358438,0.297302,"['fear', 0.358438]"
manilabulletin,2017-06-29 11:37,villar dpwh priority is to upgrade evacuation centers for displaced marawi families for now  genkabiling live,"(['Manila', ' Philippines'], Location((14.5906216, 120.9799696, 0.0)))",en,0.030681,0.274083,0.224517,0.02623,0.021721,"['joy', 0.274083]"
ABSCBNNews,2017-06-29 11:37,villar we are focused on upgrading evacuation facilities preparing masterplan for marawi rehabilitation live c2,"(['Manila', ' Philippines'], Location((14.5906216, 120.9799696, 0.0)))",en,0.019893,0.454069,0.113397,0.090053,0.030887,"['joy', 0.454069]"
gmanews,2017-06-29 11:37,villar we are preparing for a master plan regarding the marawi rehabilitation live,"(['Philippines'], Location((12.7503486, 122.7312101, 0.0)))",en,0.061358,0.203382,0.023275,0.096088,0.026383,"['joy', 0.203382]"
piaranada,2017-06-29 11:37,dpwh chief mark villar we are preparing marawi rehabilitation masterplan rapplerdotcom,"(['Philippines'], Location((12.7503486, 122.7312101, 0.0)))",en,0.25047,0.090112,0.25156,0.27009,0.243883,"['fear', 0.27009]"
itsjohainaguro,2017-06-29 11:36,prayformindanao prayforphilippines pray for marawi,"(['worldwide-Philippines.'], Location((14.5780232, 120.9919835, 0.0)))",en,0.033806,0.026312,0.415428,0.589497,0.154411,"['fear', 0.589497]"
PhilippineStar,2017-06-29 11:34,sec villar we are preparing the masterplan for marawi rehabilitation,"(['Philippines'], Location((12.7503486, 122.7312101, 0.0)))",en,0.25921,0.088342,0.183906,0.261994,0.162533,"['fear', 0.261994]"
gmanews,2017-06-29 11:32,villar says master plan being prepared to quickly implement the rehabilitation in marawi city ,"(['Philippines'], Location((12.7503486, 122.7312101, 0.0)))",en,0.059336,0.11307,0.020118,0.131555,0.039187,"['fear', 0.131555]"
bworldph,2017-06-29 11:32,villar says dpwh is finishing the master plan for marawis rehabilitation weve been preparing for this he says  via ipcigaral,"(['Philippines'], Location((12.7503486, 122.7312101, 0.0)))",en,0.109763,0.460429,0.148868,0.204114,0.09011,"['joy', 0.460429]"
ANCALERTS,2017-06-29 11:31,villar experts to utilize latest urban planning measures in marawi rehabilitation live c2,"(['Philippines'], Location((12.7503486, 122.7312101, 0.0)))",en,0.299146,0.177185,0.193817,0.172229,0.063359,"['anger', 0.299146]"
kcralvarez,2017-06-29 11:31,villar says master plan being prepared to quickly implement the rehabilitation in marawi city,"(['Philippines'], Location((12.7503486, 122.7312101, 0.0)))",en,0.059336,0.11307,0.020118,0.131555,0.039187,"['fear', 0.131555]"
ipcigaral,2017-06-29 11:31,villar says dpwh is finishing the master plan for marawis rehabilitation weve been preparing for this he says,"(['Republic of the Philippines'], Location((12.7503486, 122.7312101, 0.0)))",en,0.182892,0.416012,0.126028,0.139774,0.059665,"['joy', 0.416012]"
inquirer_libre,2017-06-29 11:31,youths from marawi resume studies in makati cdu,"(['Philippines'], Location((12.7503486, 122.7312101, 0.0)))",en,0.006605,0.091525,0.060398,0.228889,0.024556,"['fear', 0.228889]"
manilabulletin,2017-06-29 11:30,villar reconstruction master plan of marawi is being drafted  via genkabiling live,"(['Manila', ' Philippines'], Location((14.5906216, 120.9799696, 0.0)))",en,0.035426,0.454456,0.117801,0.096116,0.03957,"['joy', 0.454456]"
ANCALERTS,2017-06-29 11:30,villar masterplan for p20b marawi rehabilitation ongoing live c2,"(['Philippines'], Location((12.7503486, 122.7312101, 0.0)))",en,0.070667,0.301388,0.190185,0.109625,0.068338,"['joy', 0.301388]"
manilabulletin,2017-06-29 11:30,villar dpwhph preparing for rebuilding of marawi city  via genkabiling live,"(['Manila', ' Philippines'], Location((14.5906216, 120.9799696, 0.0)))",en,0.038071,0.325096,0.199002,0.258052,0.167727,"['joy', 0.325096]"
ABSCBNNews,2017-06-29 11:29,villar masterplan for p20b marawi rehabilitation ongoing live c2,"(['Manila', ' Philippines'], Location((14.5906216, 120.9799696, 0.0)))",en,0.070667,0.301388,0.190185,0.109625,0.068338,"['joy', 0.301388]"
AksyonTV,2017-06-29 11:25,toll among marawi evacuees hits 27  ubial  breakingnews national deaths diseases,"(['TV5', ' Philippines'], Location((47.8967217, 106.887564062, 0.0)))",en,0.12064,0.031372,0.774017,0.260853,0.019496,"['sadness', 0.774017]"
PHLNewsOnline,2017-06-29 11:25,news5 toll among marawi evacuees hits 27  ubial,"(['Philippines'], Location((12.7503486, 122.7312101, 0.0)))",en,0.155775,0.238941,0.343034,0.128836,0.01078,"['sadness', 0.343034]"
rolandfghjklmd,2017-06-29 11:23,look how devastated marawi is,"(['PH'], Location((12.44249325, 122.160395164, 0.0)))",en,0.023149,0.384139,0.067579,0.033068,0.087718,"['joy', 0.384139]"
rapplerdotcom,2017-06-29 11:17,watch china donates p15m for marawi rehabilitation full story,"(['Philippines'], Location((12.7503486, 122.7312101, 0.0)))",en,0.039437,0.542534,0.159067,0.079315,0.135637,"['joy', 0.542534]"
rapplerdotcom,2017-06-29 11:14,watch 17 decomposing bodies of civilians retrieved in marawi full story,"(['Philippines'], Location((12.7503486, 122.7312101, 0.0)))",en,0.075681,0.520765,0.140425,0.121935,0.221398,"['joy', 0.520765]"
rolandfghjklmd,2017-06-29 11:10,my prayers are with the people of marawi,"(['PH'], Location((12.44249325, 122.160395164, 0.0)))",en,0.118173,0.160898,0.731111,0.116498,0.018988,"['sadness', 0.731111]"
PTVph,2017-06-29 11:10,news afp eyes to end marawi clashes soon,"(['Philippines'], Location((12.7503486, 122.7312101, 0.0)))",en,0.102913,0.087061,0.588682,0.286222,0.064922,"['sadness', 0.588682]"
PTVph,2017-06-29 11:00,news  afp hapilon no longer capable of launching another marawilike attack,"(['Philippines'], Location((12.7503486, 122.7312101, 0.0)))",en,0.048782,0.039819,0.44524,0.545282,0.193661,"['fear', 0.545282]"
teresamujeres,2017-06-29 10:58,my heart is breaking pray for marawi stopthehate nototerrorismhttps,"(['Philippines'], Location((12.7503486, 122.7312101, 0.0)))",en,0.061095,0.024605,0.804685,0.271051,0.055554,"['sadness', 0.804685]"
radyopilipinas1,2017-06-29 10:51,prrd informs public he will stay longer in mindanao for now to focus on efforts to free marawi and to boost morale of troops,"(['Quezon City', ' Philippines'], Location((14.6509905, 121.0486155, 0.0)))",en,0.054216,0.685959,0.171337,0.040745,0.038417,"['joy', 0.685959]"
philmonitor,2017-06-29 10:49,must watch female foreign journalist fearlessly enters marawi battle zone  via philmonitor,"(['Republic of the Philippines'], Location((12.7503486, 122.7312101, 0.0)))",en,0.048691,0.103798,0.384163,0.256103,0.444924,"['disgust', 0.444924]"
raffytima,2017-06-29 10:46,what appears to be a spine is among many debris strewn across a street in brgy bangolo in marawi photos courtesy of zia alonto adiong,"(['Manila', ' Philippines'], Location((14.5906216, 120.9799696, 0.0)))",en,0.03475,0.345893,0.316227,0.208896,0.023703,"['joy', 0.345893]"
ABSCBNNews,2017-06-29 10:40,evacuees in marawi city line up for the dswd emergency cash assistance  via rongagalac,"(['Manila', ' Philippines'], Location((14.5906216, 120.9799696, 0.0)))",en,0.016369,0.056995,0.127954,0.120265,0.123357,"['sadness', 0.127954]"
TheFreemanNews,2017-06-29 10:40,top story undies for troops in marawi city,"(['Cebu', ' Philippines'], Location((10.45, 123.84, 0.0)))",en,0.070898,0.63725,0.138155,0.055913,0.073394,"['joy', 0.63725]"
aceesmeralda,2017-06-29 10:39,just like in marawi iraqis fight house to house for costly victory in mosul ,"(['Philippines'], Location((12.7503486, 122.7312101, 0.0)))",en,0.168508,0.399055,0.094416,0.266475,0.233372,"['joy', 0.399055]"
KayaYena,2017-06-29 10:31,kuya will be back home from marawi,"(['Republic of the Philippines'], Location((12.7503486, 122.7312101, 0.0)))",en,0.097227,0.260451,0.299863,0.203959,0.070452,"['sadness', 0.299863]"
PIAalerts,2017-06-29 10:28,piancr makati city mayor abby binay announced on wednesday that they welcome students from marawi city and d,"(['Philippines'], Location((12.7503486, 122.7312101, 0.0)))",en,0.039784,0.764074,0.075398,0.020414,0.019317,"['joy', 0.764074]"
SonnyAngaraNews,2017-06-29 10:22,the presidents pledge of p20 b is a good start to rebuild marawi and its environ  sen sonny angara sonnyangarahttp,"(['Republic of the Philippines'], Location((12.7503486, 122.7312101, 0.0)))",en,0.071073,0.569868,0.092438,0.060629,0.045416,"['joy', 0.569868]"
DickGordonDG,2017-06-29 10:18,prcs basic healthcare unit delivered a baby boy borne by normina pacasum 23 female of baryo naga marawi city,"(['Philippines'], Location((12.7503486, 122.7312101, 0.0)))",en,0.044952,0.476121,0.245913,0.017047,0.060402,"['joy', 0.476121]"
msnph,2017-06-29 10:14,duterte eyes going to marawi on first anniversary as president,"(['Manila', ' Philippines'], Location((14.5906216, 120.9799696, 0.0)))",en,0.038744,0.718811,0.133083,0.050822,0.078102,"['joy', 0.718811]"
coninay09,2017-06-29 10:03,threat that the next targets after marawi are cotabato city and its neighboring municipalities after the ramadhan pnp afp  bfp are 2,"(['philippines'], Location((12.7503486, 122.7312101, 0.0)))",en,0.136401,0.018338,0.066845,0.869328,0.113619,"['fear', 0.869328]"
JPValdez2015,2017-06-29 10:01,philippine daily inquirer headlines thursday  062917 milf open to help end marawi crisis senators back,"(['Isabela', ' Philippines'], Location((17.0, 122.0, 0.0)))",en,0.49269,0.04327,0.278979,0.237433,0.220341,"['anger', 0.49269]"
daleygaga,2017-06-29 10:01,good morning pilipinas toys for marawi kids,"(['Manila', ' Philippines'], Location((14.5906216, 120.9799696, 0.0)))",en,0.011182,0.917774,0.012505,0.020527,0.032505,"['joy', 0.917774]"
SonnyAngaraNews,2017-06-29 9:57,sen sonny angara described dutertes p20billion rehabilitation plan as a good start marawi sonnyangarahttp,"(['Republic of the Philippines'], Location((12.7503486, 122.7312101, 0.0)))",en,0.046179,0.438281,0.134192,0.079936,0.027969,"['joy', 0.438281]"
MukhaTV,2017-06-29 9:50,chiara zambrano shares what its like to cover the marawi crisis and the role of journalists in covering war,"(['Philippines'], Location((12.7503486, 122.7312101, 0.0)))",en,0.083007,0.030396,0.345901,0.138008,0.583723,"['disgust', 0.583723]"
inquirer_libre,2017-06-29 9:48,icymi duterte to cut down on public engagements until marawi siege is over c,"(['Philippines'], Location((12.7503486, 122.7312101, 0.0)))",en,0.153347,0.128933,0.535557,0.157909,0.284404,"['sadness', 0.535557]"
sunstarcebu,2017-06-29 9:48,a group of filipinochinese businessmen donated over 600 pieces of underwear for soldiers in marawi city read,"(['Cebu', ' Philippines'], Location((10.45, 123.84, 0.0)))",en,0.053501,0.278599,0.160223,0.211158,0.201354,"['joy', 0.278599]"
YahooPH,2017-06-29 9:30,hostages in marawi forced to fight loot become sex slaves army,"(['Philippines'], Location((12.7503486, 122.7312101, 0.0)))",en,0.19676,0.003819,0.324874,0.500953,0.365025,"['fear', 0.500953]"
senatePH,2017-06-29 9:25,drilon  bigmandrilon says duterte can realign funds congress may pass supplemental budget for marawi,"(['Pasay City', ' Philippines'], Location((14.5437592, 120.9954657, 0.0)))",en,0.23351,0.013376,0.090484,0.097245,0.543591,"['disgust', 0.543591]"
CODE_NGO,2017-06-29 9:18,atm  updatingcoordination meeting among mincode members supporting marawi evacuees before the start of the 2nd,"(['Philippines'], Location((12.7503486, 122.7312101, 0.0)))",en,0.062913,0.189523,0.506863,0.042034,0.002371,"['sadness', 0.506863]"
msnph,2017-06-29 9:11,duterte expect to see me less until marawi crisis is over,"(['Manila', ' Philippines'], Location((14.5906216, 120.9799696, 0.0)))",en,0.188484,0.029566,0.285279,0.342077,0.380959,"['disgust', 0.380959]"
ABSCBNNews,2017-06-29 9:08,gunfires and explosions can be heard as clashes continue in marawi city  via rongagalac,"(['Manila', ' Philippines'], Location((14.5906216, 120.9799696, 0.0)))",en,0.402508,0.077217,0.410339,0.074537,0.161802,"['sadness', 0.410339]"
plsburydoughboy,2017-06-29 9:08,the fake news from marawi residents day one were right all along,"(['Philippines'], Location((12.7503486, 122.7312101, 0.0)))",en,0.216182,0.113179,0.486036,0.107638,0.305904,"['sadness', 0.486036]"
Ohnoriorun,2017-06-29 9:07,i really pray for the marawi clash to just end,"(['PH'], Location((12.44249325, 122.160395164, 0.0)))",en,0.151624,0.051601,0.649594,0.326289,0.086543,"['sadness', 0.649594]"
myminc0,2017-06-29 9:06,kwentongsimbahanonthe lgushspantaleonsppimentel shud explain 2 d public d cause  roots of marawi crisis given the hugest intel funds,"(['Republic of the Philippines'], Location((12.7503486, 122.7312101, 0.0)))",en,0.399506,0.025945,0.179668,0.284073,0.462985,"['disgust', 0.462985]"
peacegovph,2017-06-29 9:04,dureza talks about the milfs big role in the situation in marawi,"(['Philippines'], Location((12.7503486, 122.7312101, 0.0)))",en,0.081229,0.055313,0.382287,0.210028,0.272401,"['sadness', 0.382287]"
CarloPabale22,2017-06-29 9:02,i liked a youtube video presentation of php 15 million donation for marawi city 6272017,"(['Philippines'], Location((12.7503486, 122.7312101, 0.0)))",en,0.068561,0.34661,0.165873,0.097763,0.131819,"['joy', 0.34661]"
ABSCBNNews,2017-06-29 9:00,beheaded civilians found in marawi military says 0,"(['Manila', ' Philippines'], Location((14.5906216, 120.9799696, 0.0)))",en,0.06966,0.133747,0.345283,0.284071,0.27264,"['sadness', 0.345283]"
yam_estrella,2017-06-29 8:50,what a pity sight to see marawi destruction even when rehabilitation startsthe scar of war will remain for life 4 residents of the city,"(['philippines'], Location((12.7503486, 122.7312101, 0.0)))",en,0.199443,0.010689,0.471414,0.506519,0.174783,"['fear', 0.506519]"
cocoy,2017-06-29 8:49,i completely agree that when the dust settles on the battle of marawi there should be a factfinding mission,"(['Philippines'], Location((12.7503486, 122.7312101, 0.0)))",en,0.226979,0.137765,0.418822,0.145171,0.150038,"['sadness', 0.418822]"
PHILAlerts,2017-06-29 8:45,typhoon news spillover of marawi violence averted  military  9,"(['Philippines'], Location((12.7503486, 122.7312101, 0.0)))",en,0.134011,0.028489,0.554483,0.273668,0.317499,"['sadness', 0.554483]"
momblogger,2017-06-29 8:38,volunteer opportunity  help us pack usedclothes for marawi internally displaced persons idps,"(['Makati City', ' Philippines'], Location((14.5591272, 121.0202094, 0.0)))",en,0.074291,0.320545,0.032974,0.012503,0.040671,"['joy', 0.320545]"
totocyven,2017-06-29 8:27,filipino muslims fear marawi fighting may deepen communal discord via abscbnnews,"(['Philippines'], Location((12.7503486, 122.7312101, 0.0)))",en,0.021004,0.02481,0.035367,0.91861,0.11351,"['fear', 0.91861]"
AminullahLucman,2017-06-29 8:24,marawi is a muslim city like aleppo aleppo is a city in rebellion while marawi is not but both cities are bombed in smithereens un is,"(['Marawi City', ' Philippines'], Location((8.0034938, 124.286626, 0.0)))",en,0.233387,0.072453,0.304668,0.219538,0.497811,"['disgust', 0.497811]"
KimIndar,2017-06-29 8:23,we really need help your kababayans from the torn city of marawi really need your help marawiclashhttps,"(['Greenhills', ' San Juan', ' PH'], Location((39.268113, -84.5229999, 0.0)))",en,0.076073,0.108724,0.52921,0.359964,0.052511,"['sadness', 0.52921]"
ABSCBNNews,2017-06-29 8:20,look more images of massive destruction inside the warzone in marawi city fighting continues on 38th day of clashes ,"(['Manila', ' Philippines'], Location((14.5906216, 120.9799696, 0.0)))",en,0.425324,0.035603,0.418593,0.120075,0.175876,"['anger', 0.425324]"
ANCALERTS,2017-06-29 8:19,ancheadstart arman ghodsinia my sister helped me write my speech its dedicated to the people of marawi,"(['Philippines'], Location((12.7503486, 122.7312101, 0.0)))",en,0.143798,0.586714,0.146377,0.050425,0.123319,"['joy', 0.586714]"
totocyven,2017-06-29 8:18,marawi troops get burgers socks underwear via abscbnnews,"(['Philippines'], Location((12.7503486, 122.7312101, 0.0)))",en,0.117993,0.228626,0.210566,0.098066,0.244925,"['disgust', 0.244925]"
ANCALERTS,2017-06-29 8:18,today on hot copy siblings and up honor graduates arman ali and farah ghodsinia who hail from marawi,"(['Philippines'], Location((12.7503486, 122.7312101, 0.0)))",en,0.032728,0.644534,0.2294,0.021906,0.030984,"['joy', 0.644534]"
totocyven,2017-06-29 8:11,beheaded civilians found in marawi military says via abscbnnews,"(['Philippines'], Location((12.7503486, 122.7312101, 0.0)))",en,0.043554,0.151608,0.343309,0.348178,0.297054,"['fear', 0.348178]"
totocyven,2017-06-29 8:10,duterte youll see less of me until marawi siege is over via abscbnnews,"(['Philippines'], Location((12.7503486, 122.7312101, 0.0)))",en,0.040062,0.217145,0.341259,0.267786,0.18576,"['sadness', 0.341259]"
ANCALERTS,2017-06-29 8:10,beheaded civilians found in marawi military says,"(['Philippines'], Location((12.7503486, 122.7312101, 0.0)))",en,0.06966,0.133747,0.345283,0.284071,0.27264,"['sadness', 0.345283]"
ABSCBNNews,2017-06-29 8:10,marawi troops get burgers socks underwear cd,"(['Manila', ' Philippines'], Location((14.5906216, 120.9799696, 0.0)))",en,0.117993,0.228626,0.210566,0.098066,0.244925,"['disgust', 0.244925]"
carmelafonbuena,2017-06-29 8:06,dela rosa admits law enforcement failure in marawi via rapplerdotcomhttp,"(['Manila', ' Philippines'], Location((14.5906216, 120.9799696, 0.0)))",en,0.065034,0.044559,0.347684,0.395364,0.391283,"['fear', 0.395364]"
DuterteDaily,2017-06-29 8:02,duterte news matriarch behind siege of marawi has been recruiting child soldiers to promote terror,"(['Republic of the Philippines'], Location((12.7503486, 122.7312101, 0.0)))",en,0.090778,0.009389,0.094796,0.738455,0.349095,"['fear', 0.738455]"
YahooPH,2017-06-29 8:00,china donates arms to philippines for raging marawi fight,"(['Philippines'], Location((12.7503486, 122.7312101, 0.0)))",en,0.466497,0.123428,0.050514,0.169137,0.213327,"['anger', 0.466497]"
teddyboylocsin,2017-06-29 7:55,thats the way to do it build a new  better marawi no concrete structures or labyrinthine pathways pls wide roads all parts accessible,"(['Philippines'], Location((12.7503486, 122.7312101, 0.0)))",en,0.047458,0.650291,0.121348,0.044342,0.011349,"['joy', 0.650291]"
manilabulletin,2017-06-29 7:51,look pres duterte meets w 15 injured soldiers from marawi at the villamor air base in pasay wednesday night  palace  argyllcyrusmbpic,"(['Manila', ' Philippines'], Location((14.5906216, 120.9799696, 0.0)))",en,0.013281,0.350146,0.237098,0.360299,0.035403,"['fear', 0.360299]"
ANCALERTS,2017-06-29 7:50,duterte to release p20b for marawi rehabilitation u marawiclash,"(['Philippines'], Location((12.7503486, 122.7312101, 0.0)))",en,0.138672,0.098376,0.122021,0.117006,0.076183,"['anger', 0.138672]"
peacegovph,2017-06-29 7:49,dureza laking tulong ng milf in addressing the marawi situation they risk lives in recovering civilians du,"(['Philippines'], Location((12.7503486, 122.7312101, 0.0)))",en,0.274999,0.03112,0.229012,0.227754,0.319728,"['disgust', 0.319728]"
PhilippineStar,2017-06-29 7:33,the decapitated bodies of five civilians have been found in marawi city,"(['Philippines'], Location((12.7503486, 122.7312101, 0.0)))",en,0.157669,0.208105,0.103545,0.195295,0.051094,"['joy', 0.208105]"
ANCALERTS,2017-06-29 7:30,marawi troops get burgers socks underwear 2 marawiclash,"(['Philippines'], Location((12.7503486, 122.7312101, 0.0)))",en,0.117993,0.228626,0.210566,0.098066,0.244925,"['disgust', 0.244925]"
daelyvonne,2017-06-29 7:26,help marawi,"(['Manila', ' Philippines'], Location((14.5906216, 120.9799696, 0.0)))",en,0.008396,0.269509,0.073222,0.025672,0.000911,"['joy', 0.269509]"
ANCALERTS,2017-06-29 7:20,filipino muslims fear marawi fighting may deepen communal discord 2 marawiclash,"(['Philippines'], Location((12.7503486, 122.7312101, 0.0)))",en,0.034031,0.021473,0.033503,0.917505,0.081189,"['fear', 0.917505]"
pinoynewsonline,2017-06-29 7:12,drone footage marawi news updates as of june 22 2017 more info,"(['Republic of the Philippines'], Location((12.7503486, 122.7312101, 0.0)))",en,0.013432,0.065602,0.241417,0.068422,0.060934,"['sadness', 0.241417]"
anjocalimario,2017-06-29 6:58,for as long as they say its not safe for anybody or everybody then martial law will continue to exist in marawi ,"(['Philippines'], Location((12.7503486, 122.7312101, 0.0)))",en,0.325182,0.127054,0.463409,0.085367,0.185104,"['sadness', 0.463409]"
ABSCBNNews,2017-06-29 6:57,sen angara urges creation of a bangon marawi fund for the rehab of the city fund to be sourced from the calamity fund  sherieanntorres,"(['Manila', ' Philippines'], Location((14.5906216, 120.9799696, 0.0)))",en,0.215224,0.069739,0.050603,0.072122,0.131374,"['anger', 0.215224]"
EIMPhilippines,2017-06-29 6:46,missions update june 27 2017 gospel pray for marawi,"(['Cagayan De Oro', ' Philippines'], Location((8.42980265, 124.682410212, 0.0)))",en,0.014677,0.059874,0.317378,0.244332,0.061933,"['sadness', 0.317378]"
MsTherese_,2017-06-29 6:34,are these people all connected to the marawi crisismauteis members or were purely drugrelated arrests made as well,"(['Philippines'], Location((12.7503486, 122.7312101, 0.0)))",en,0.347106,0.128309,0.425244,0.094658,0.21427,"['sadness', 0.425244]"
PhilDefNews,2017-06-29 6:12,maute group death toll in marawi fighting now at 299  afp,"(['Manila', ' Philippines'], Location((14.5906216, 120.9799696, 0.0)))",en,0.138195,0.056778,0.548846,0.183638,0.119768,"['sadness', 0.548846]"
Philtizen,2017-06-29 5:56,panoorin government forces on wednesday recovered ten passports of suspected indonesian fighters in marawi city,"(['Republic of the Philippines'], Location((12.7503486, 122.7312101, 0.0)))",en,0.142588,0.033113,0.137096,0.560426,0.071489,"['fear', 0.560426]"
roydelvalle,2017-06-29 5:39,praying for those who continue to suffer in marawi photo by rappler have a good night,"(['Makati City', ' Philippines'], Location((14.5591272, 121.0202094, 0.0)))",en,0.014004,0.1729,0.752855,0.138762,0.028851,"['sadness', 0.752855]"
YahooPH,2017-06-29 5:00,military says beheaded civilians found in marawi,"(['Philippines'], Location((12.7503486, 122.7312101, 0.0)))",en,0.06966,0.133747,0.345283,0.284071,0.27264,"['sadness', 0.345283]"
inquirer_libre,2017-06-29 4:58,duterte plans to visit marawi 1,"(['Philippines'], Location((12.7503486, 122.7312101, 0.0)))",en,0.053094,0.123695,0.090307,0.106109,0.055639,"['joy', 0.123695]"
PhilippineStar,2017-06-29 4:20,no negotiation no swap in marawi crisis  afp,"(['Philippines'], Location((12.7503486, 122.7312101, 0.0)))",en,0.115432,0.009369,0.19774,0.615588,0.299511,"['fear', 0.615588]"
PhilippineStar,2017-06-29 4:00,bullets gun parts found in marawi donations,"(['Philippines'], Location((12.7503486, 122.7312101, 0.0)))",en,0.356393,0.054129,0.075029,0.347757,0.209428,"['anger', 0.356393]"
Duterte24x7,2017-06-29 3:33,no satisfaction in winning marawi fight duterte says ,"(['Republic of the Philippines'], Location((12.7503486, 122.7312101, 0.0)))",en,0.189348,0.53287,0.146663,0.11779,0.141693,"['joy', 0.53287]"
gmanews,2017-06-29 3:31,president duterte is planning to mark his first year as chief executive by visiting the besieged marawi city,"(['Philippines'], Location((12.7503486, 122.7312101, 0.0)))",en,0.152705,0.213958,0.203076,0.084634,0.195319,"['joy', 0.213958]"
PhilippineStar,2017-06-29 3:00,no proof yet hapilon escaped marawi  palace,"(['Philippines'], Location((12.7503486, 122.7312101, 0.0)))",en,0.090211,0.171906,0.161412,0.100484,0.07088,"['joy', 0.171906]"
philippinenews7,2017-06-29 2:46,duterte eyes going to marawi on first anniversary as president 1cc,"(['Philippines'], Location((12.7503486, 122.7312101, 0.0)))",en,0.038744,0.718811,0.133083,0.050822,0.078102,"['joy', 0.718811]"
bornokyo,2017-06-29 2:40,marawi news too sad duterte switches to cartoons u,"(['Makati City', ' Philippines'], Location((14.5591272, 121.0202094, 0.0)))",en,0.055679,0.004132,0.917494,0.132321,0.067716,"['sadness', 0.917494]"
chucktorres,2017-06-29 2:20,traveling to marawi city from naia terminal 3  domestic c,"(['Republic of the Philippines'], Location((12.7503486, 122.7312101, 0.0)))",en,0.118785,0.101084,0.025892,0.094328,0.133576,"['disgust', 0.133576]"
DailyStarPH,2017-06-29 2:20,duterte marks 1st year with visit to marawi ,"(['Republic of the Philippines'], Location((12.7503486, 122.7312101, 0.0)))",en,0.037776,0.440074,0.198018,0.062673,0.059784,"['joy', 0.440074]"
dzrhnews,2017-06-29 2:20,sen honasan deadline for marawi crisis not practical,"(['Manila', ' Philippines'], Location((14.5906216, 120.9799696, 0.0)))",en,0.109905,0.082896,0.185319,0.331855,0.046909,"['fear', 0.331855]"
HellsGatePhl,2017-06-29 2:16,death toll in marawi siege could significantly increase ph military via abscbnnews,"(['Molino', ' Bacoor', ' Philippines'], Location((2.448942, -76.5986534, 0.0)))",en,0.039371,0.031367,0.355777,0.347594,0.106608,"['sadness', 0.355777]"
macabalangjam,2017-06-29 2:06,my ultimate crushie gathered 12m worth of donations excluding nonfood items for the people affected by the marawi siege what a man,"(['Republic of the Philippines'], Location((12.7503486, 122.7312101, 0.0)))",en,0.169002,0.294834,0.303776,0.123824,0.159483,"['sadness', 0.303776]"
PHLNewsOnline,2017-06-29 2:02,gma news duterte eyes going to marawi on first anniversary as president,"(['Philippines'], Location((12.7503486, 122.7312101, 0.0)))",en,0.034698,0.627901,0.211979,0.069378,0.110817,"['joy', 0.627901]"
EJMantillo,2017-06-29 1:55,topnews 5 decapitated bodies 12 others retrieved in marawi  manila bulletin,"(['Philippines'], Location((12.7503486, 122.7312101, 0.0)))",en,0.115757,0.508679,0.112129,0.111441,0.134621,"['joy', 0.508679]"
PhilippineStar,2017-06-29 1:40,rody marawi will be prosperous again,"(['Philippines'], Location((12.7503486, 122.7312101, 0.0)))",en,0.08686,0.177306,0.151545,0.093654,0.072945,"['joy', 0.177306]"
TheManilaTimes,2017-06-29 1:35,marawi fog of war govt is winning but thorny questions await,"(['Philippines'], Location((12.7503486, 122.7312101, 0.0)))",en,0.173668,0.116699,0.588973,0.097836,0.087361,"['sadness', 0.588973]"
fiestasaquiapo,2017-06-29 1:23,philippine muslims fear marawi fighting may deepen communal discord  us news  world report,"(['Republic of the Philippines'], Location((12.7503486, 122.7312101, 0.0)))",en,0.030745,0.019409,0.050472,0.913921,0.137127,"['fear', 0.913921]"
LOCALNEWSNgayon,2017-06-29 1:11,duterte eyes going to marawi on first anniversary as president  read via gma news,"(['Philippines'], Location((12.7503486, 122.7312101, 0.0)))",en,0.015294,0.589363,0.191657,0.114479,0.174289,"['joy', 0.589363]"
PHLNewsOnline,2017-06-29 1:02,rappler duterte milf not inclined to intervene in marawi 2,"(['Philippines'], Location((12.7503486, 122.7312101, 0.0)))",en,0.179848,0.120841,0.122069,0.063407,0.121818,"['anger', 0.179848]"
ModernizePH,2017-06-29 1:00,hapilon no more capacity to attack outside marawi  afp spokesman 0,"(['Republic of the Philippines'], Location((12.7503486, 122.7312101, 0.0)))",en,0.225282,0.006772,0.109983,0.765106,0.161981,"['fear', 0.765106]"
DailyStarPH,2017-06-29 0:48,marawi rehab a test of political will  honasan  manila bulletin news  8,"(['Republic of the Philippines'], Location((12.7503486, 122.7312101, 0.0)))",en,0.124313,0.077872,0.460422,0.140034,0.214482,"['sadness', 0.460422]"
PHLNewsOnline,2017-06-29 0:23,gma news duterte expect to see me less until marawi crisis is over,"(['Philippines'], Location((12.7503486, 122.7312101, 0.0)))",en,0.157926,0.024363,0.360732,0.349489,0.413863,"['disgust', 0.413863]"
gmanews,2017-06-29 0:16,president duterte said he will be out of the public eye more often until the crisis in marawi city is over,"(['Philippines'], Location((12.7503486, 122.7312101, 0.0)))",en,0.166987,0.027543,0.336407,0.387426,0.376814,"['fear', 0.387426]"
